ANO4,TRIMESTRE,AGLOMERADO,gini,p90,p10,ratio_p90_p10
2025,1er Trimestre,Gran La Plata,0.4527392836762658,1090000,115600,9.429065743944637
2025,1er Trimestre,Bahia Blanca - Cerri,0.3960638550538249,1115000,150000,7.433333333333334
2025,1er Trimestre,Gran Rosario,0.4192071396935546,1100000,150000,7.333333333333333
2025,1er Trimestre,Gran Santa Fe,0.4008103243721166,982500.0000000002,150000,6.550000000000002
2025,1er Trimestre,Gran Parana,0.3809113100817001,950400,143000,6.6461538461538465
2025,1er Trimestre,Posadas,0.4161634506340022,850000,126000,6.746031746031746
2025,1er Trimestre,Gran Resistencia,0.4126413315817956,547900.0000000007,80666.67,6.792148479663295
2025,1er Trimestre,Cdro. Rivadavia - R.Tilly,0.3958395499979872,1250000,160000,7.8125
2025,1er Trimestre,Gran Mendoza,0.3783901256843478,800000,146000.00000000003,5.479452054794519
2025,1er Trimestre,Corrientes,0.33449575065847625,670000,144400,4.639889196675901
2025,1er Trimestre,Gran Cordoba,0.41741882268854624,1030333.3330000004,146344.90500000003,7.040445535155462
2025,1er Trimestre,Concordia,0.3942002570016996,700000,102500,6.829268292682927
2025,1er Trimestre,Formosa,0.34144960942614944,642640,147575,4.3546671184143655
2025,1er Trimestre,Neuquen - Plottier,0.3998026345269068,1454166.665,161125,9.025084034134988
2025,1er Trimestre,S. del Estero - La Banda,0.37296611691294856,816666.67,135600,6.022615560471976
2025,1er Trimestre,Jujuy - Palpala,0.4149465650856996,825000,136000,6.0661764705882355
2025,1er Trimestre,Rio Gallegos,0.38454012021773565,1245500,240833.33000000002,5.171626369157458
2025,1er Trimestre,Gran Catamarca,0.38800915464173613,733199.9970000001,113750,6.44571425934066
2025,1er Trimestre,Salta,0.38129162597869026,795000,133333.33,5.962500149062504
2025,1er Trimestre,La Rioja,0.31765784675747,600000,150000,4
2025,1er Trimestre,San Luis - El Chorrillo,0.37122906051189375,792500,144000,5.503472222222222
2025,1er Trimestre,Gran San Juan,0.40124176872609496,660000,138333.33,4.771084452315288
2025,1er Trimestre,Gran Tucuman - T. Viejo,0.40317530618870023,781666.665,122000,6.40710381147541
2025,1er Trimestre,Santa Rosa - Toay,0.4907751425691913,1500000,137500,10.909090909090908
2025,1er Trimestre,Ushuaia - Rio Grande,0.42865615570482873,1650000,200000,8.25
2025,1er Trimestre,Ciudad de Buenos Aires,0.42530975120999415,1784000,195000,9.148717948717948
2025,1er Trimestre,Partidos del GBA,0.4486684880162102,1000000,122999.99700000012,8.130081499107671
2025,1er Trimestre,Mar del Plata - Batan,0.395703983436988,977500,170000,5.75
2025,1er Trimestre,Rio Cuarto,0.39652748829360007,1069999.9999999988,166000.00200000004,6.445783054870075
2025,1er Trimestre,San Nicolas - Villa Constitucion,0.43483712019656195,1066666.67,149333.33,7.142857324617351
2025,1er Trimestre,Rawson - Trelew,0.41921823626270793,1333333.33,208650.79,6.3902625530437724
2025,1er Trimestre,Viedma - Carmen de Patagones.,0.3600961162556473,1097500,200000,5.4875
2024,4to Trimestre,Gran La Plata,0.4562220721385586,900000,117200,7.679180887372014
2024,4to Trimestre,Bahia Blanca - Cerri,0.3741736705591734,935900.0000000001,180000,5.199444444444445
2024,4to Trimestre,Gran Rosario,0.3921408720867703,940000,148750,6.319327731092437
2024,4to Trimestre,Gran Santa Fe,0.40896093779704756,837000.0000000016,138850,6.0280878646021
2024,4to Trimestre,Gran Parana,0.3837630620530206,700000,124333.33000000002,5.630026960590534
2024,4to Trimestre,Posadas,0.3876449969203577,600000,100447,5.97329935189702
2024,4to Trimestre,Gran Resistencia,0.3948886384303876,500000,77166.67,6.479481361577479
2024,4to Trimestre,Cdro. Rivadavia - R.Tilly,0.4341442044549808,1024999.9990000057,145000,7.068965510344866
2024,4to Trimestre,Gran Mendoza,0.42389734698110715,800000,118666.67000000001,6.741572844337841
2024,4to Trimestre,Corrientes,0.33129408462573906,590333.3330000001,133333.33,4.427500108187504
2024,4to Trimestre,Gran Cordoba,0.40570046917696345,825000,118644,6.953575402043087
2024,4to Trimestre,Concordia,0.36989948384430704,540500.0000000001,100000,5.405000000000001
2024,4to Trimestre,Formosa,0.3450611409571138,500000,114960,4.349338900487126
2024,4to Trimestre,Neuquen - Plottier,0.3957318629929887,1150000,160000,7.1875
2024,4to Trimestre,S. del Estero - La Banda,0.3556014449580971,519333.33400000044,104857.14,4.95277035021173
2024,4to Trimestre,Jujuy - Palpala,0.4177895040711519,625400.0000000006,102400.00300000001,6.107421696071635
2024,4to Trimestre,Rio Gallegos,0.3568337558511132,1000000,210000,4.761904761904762
2024,4to Trimestre,Gran Catamarca,0.3669680507447879,543900.0010000004,107500,5.059534893023259
2024,4to Trimestre,Salta,0.3868927898080301,666666.67,124000,5.376344112903226
2024,4to Trimestre,La Rioja,0.28956644093335626,473333.33,125000,3.78666664
2024,4to Trimestre,San Luis - El Chorrillo,0.32642026421626724,600000,136040,4.410467509556013
2024,4to Trimestre,Gran San Juan,0.36171992126793384,556541.9970000004,117555.56,4.734289020442763
2024,4to Trimestre,Gran Tucuman - T. Viejo,0.3814317545832182,533333.33,100000,5.3333333
2024,4to Trimestre,Santa Rosa - Toay,0.43317675080569984,1053000.0000000007,144000,7.312500000000004
2024,4to Trimestre,Ushuaia - Rio Grande,0.42874583117222187,1200000,200000,6
2024,4to Trimestre,Ciudad de Buenos Aires,0.4161847789091837,1596666.67,193333.33,8.258620849286567
2024,4to Trimestre,Partidos del GBA,0.4274793814562372,800000,107000,7.4766355140186915
2024,4to Trimestre,Mar del Plata - Batan,0.3487285482374318,800000,152857.14,5.233644957638223
2024,4to Trimestre,Rio Cuarto,0.4516756962466104,762600.0000000008,110200.00200000001,6.920145064970151
2024,4to Trimestre,San Nicolas - Villa Constitucion,0.41058407427291854,800000,100000,8
2024,4to Trimestre,Rawson - Trelew,0.39089452126674473,950000,138750,6.846846846846847
2024,4to Trimestre,Viedma - Carmen de Patagones.,0.4284002110794347,900000,112250.00000000001,8.017817371937639
2024,3er Trimestre,Gran La Plata,0.4190793706985687,900000,112071.42800000001,8.030592775171918
2024,3er Trimestre,Bahia Blanca - Cerri,0.3873744004219475,875000,112500,7.777777777777778
2024,3er Trimestre,Gran Rosario,0.4159744630575801,920000,100000,9.2
2024,3er Trimestre,Gran Santa Fe,0.4506939087904982,675000,90000,7.5
2024,3er Trimestre,Gran Parana,0.39811609935873093,747500,113600,6.580105633802817
2024,3er Trimestre,Posadas,0.4080324869899812,651000,89166.67,7.300934306507129
2024,3er Trimestre,Gran Resistencia,0.3995663083349825,383333.3300000001,61000,6.284152950819673
2024,3er Trimestre,Cdro. Rivadavia - R.Tilly,0.4327255165569852,1000000,159000,6.289308176100629
2024,3er Trimestre,Gran Mendoza,0.413445648454001,700000,97300,7.1942446043165464
2024,3er Trimestre,Corrientes,0.32049882732468404,500000,103500,4.830917874396135
2024,3er Trimestre,Gran Cordoba,0.4094775877914003,800000,103400,7.7369439071566735
2024,3er Trimestre,Concordia,0.4139750661001358,550000,72500,7.586206896551724
2024,3er Trimestre,Formosa,0.3188515330059545,385440,95200,4.048739495798319
2024,3er Trimestre,Neuquen - Plottier,0.4481844585233432,1083999.9999999986,158000,6.860759493670877
2024,3er Trimestre,S. del Estero - La Banda,0.3823318581318631,502500,81200,6.188423645320197
2024,3er Trimestre,Jujuy - Palpala,0.37296151813023926,530000,92500,5.72972972972973
2024,3er Trimestre,Rio Gallegos,0.3747047706610118,815000,129142.85600000006,6.310840763812747
2024,3er Trimestre,Gran Catamarca,0.3775608850728531,492250,86666.67,5.679807473853558
2024,3er Trimestre,Salta,0.4024676797778284,560000,100000,5.6
2024,3er Trimestre,La Rioja,0.2809614200701276,352000,105000,3.3523809523809525
2024,3er Trimestre,San Luis - El Chorrillo,0.3521632584700001,566666.67,111000,5.105105135135135
2024,3er Trimestre,Gran San Juan,0.38030736103877416,564750,98643.67,5.725151953490782
2024,3er Trimestre,Gran Tucuman - T. Viejo,0.3770679262519252,558933.3320000003,105000,5.323174590476193
2024,3er Trimestre,Santa Rosa - Toay,0.44688189674286605,900000,85000,10.588235294117647
2024,3er Trimestre,Ushuaia - Rio Grande,0.4302008762608125,1025000,140000,7.321428571428571
2024,3er Trimestre,Ciudad de Buenos Aires,0.41897393838848984,1640000,192200,8.532778355879293
2024,3er Trimestre,Partidos del GBA,0.421878497418561,750000,101740.83300000001,7.371671509707414
2024,3er Trimestre,Mar del Plata - Batan,0.3619083875333047,787500,125000,6.3
2024,3er Trimestre,Rio Cuarto,0.44488029986230515,776000.0000000002,123600.00000000001,6.278317152103561
2024,3er Trimestre,San Nicolas - Villa Constitucion,0.47383818435881153,850000,85333.33,9.960937889099137
2024,3er Trimestre,Rawson - Trelew,0.4124243412063038,833333.33,103312,8.066181372928604
2024,3er Trimestre,Viedma - Carmen de Patagones.,0.3613120785022659,700000,123333.33,5.675675829072319
2024,2do Trimestre,Gran La Plata,0.44704700435528366,612500,71000,8.626760563380282
2024,2do Trimestre,Bahia Blanca - Cerri,0.44831115182806514,700000,65000,10.76923076923077
2024,2do Trimestre,Gran Rosario,0.4350856600638906,568200.0000000002,71020.00000000004,8.00056322162771
2024,2do Trimestre,Gran Santa Fe,0.3901194084465942,500000,77050,6.489292667099286
2024,2do Trimestre,Gran Parana,0.35833926142936434,500000,87500,5.714285714285714
2024,2do Trimestre,Posadas,0.3940560993195845,426666.67,76960.00000000004,5.544005587318084
2024,2do Trimestre,Gran Resistencia,0.41501856355654354,300000,44525.000000000015,6.737787759685568
2024,2do Trimestre,Cdro. Rivadavia - R.Tilly,0.4543602776464013,590000,120000,4.916666666666667
2024,2do Trimestre,Gran Mendoza,0.36832634734713565,425000,81200,5.233990147783251
2024,2do Trimestre,Corrientes,0.3400634028384957,396666.67,85000,4.666666705882353
2024,2do Trimestre,Gran Cordoba,0.3821916835318575,550000,93271.5,5.89676374884075
2024,2do Trimestre,Concordia,0.3859220614056369,375000,54000,6.944444444444445
2024,2do Trimestre,Formosa,0.2874500514244005,268600,70000,3.837142857142857
2024,2do Trimestre,Neuquen - Plottier,0.4204413589696401,770000,100000,7.7
2024,2do Trimestre,S. del Estero - La Banda,0.3531198227212826,349000,69750,5.003584229390681
2024,2do Trimestre,Jujuy - Palpala,0.355397707650809,362500,72000,5.034722222222222
2024,2do Trimestre,Rio Gallegos,0.3339048434370966,500000,120000,4.166666666666667
2024,2do Trimestre,Gran Catamarca,0.3650080341512876,374500,70533.33600000001,5.309546113060637
2024,2do Trimestre,Salta,0.3824557955921932,425000,74166.67,5.730336821108458
2024,2do Trimestre,La Rioja,0.28066819025167433,269000,77750,3.459807073954984
2024,2do Trimestre,San Luis - El Chorrillo,0.3611301145285779,425000,89000,4.775280898876405
2024,2do Trimestre,Gran San Juan,0.3903685554393519,401666.67,83357.14,4.818623455651189
2024,2do Trimestre,Gran Tucuman - T. Viejo,0.3592248331604537,379333.33,73750,5.143502779661017
2024,2do Trimestre,Santa Rosa - Toay,0.4575466158074164,666666.67,66600,10.010010060060061
2024,2do Trimestre,Ushuaia - Rio Grande,0.4674193231500965,666666.67,100000,6.6666667
2024,2do Trimestre,Ciudad de Buenos Aires,0.43241883495412026,1000000,162250,6.163328197226503
2024,2do Trimestre,Partidos del GBA,0.4360422623849445,537333.3360000009,66666.67,8.059999637000033
2024,2do Trimestre,Mar del Plata - Batan,0.3935219110589543,500000,86666.67,5.769230547337287
2024,2do Trimestre,Rio Cuarto,0.3964887129881731,500000,83888.89,5.960264821718347
2024,2do Trimestre,San Nicolas - Villa Constitucion,0.46725045350353867,515000.0000000006,54666.67,9.42073113288226
2024,2do Trimestre,Rawson - Trelew,0.41838533015069856,600000,100000,6
2024,2do Trimestre,Viedma - Carmen de Patagones.,0.3604070876072569,508500.00000000023,100000,5.085000000000003
2024,1er Trimestre,Gran La Plata,0.5046302340231819,550000,35000,15.714285714285714
2024,1er Trimestre,Bahia Blanca - Cerri,0.41066977645370173,450000,70000,6.428571428571429
2024,1er Trimestre,Gran Rosario,0.4565523305836905,460000,50000,9.2
2024,1er Trimestre,Gran Santa Fe,0.4480650272707294,450000,55000,8.181818181818182
2024,1er Trimestre,Gran Parana,0.39858591160486867,450000,69200,6.502890173410405
2024,1er Trimestre,Posadas,0.4057083739638756,330000,52818.75,6.247781327653533
2024,1er Trimestre,Gran Resistencia,0.3698284365480049,220000,40000,5.5
2024,1er Trimestre,Cdro. Rivadavia - R.Tilly,0.4084751808443343,500000,69000,7.246376811594203
2024,1er Trimestre,Gran Mendoza,0.40855810035776585,375000,58666.67,6.392045091361075
2024,1er Trimestre,Corrientes,0.3744247723306273,335333.33,64616.00000000001,5.189633063018447
2024,1er Trimestre,Gran Cordoba,0.40473279026588216,465000,69500,6.690647482014389
2024,1er Trimestre,Concordia,0.3895749806955848,300000,50000,6
2024,1er Trimestre,Formosa,0.3514058421441746,247500,60500,4.090909090909091
2024,1er Trimestre,Neuquen - Plottier,0.4199036812341035,605000,52000,11.634615384615385
2024,1er Trimestre,S. del Estero - La Banda,0.3484664490437126,231250,48900,4.729038854805726
2024,1er Trimestre,Jujuy - Palpala,0.3837795116860434,311000,51200,6.07421875
2024,1er Trimestre,Rio Gallegos,0.3844169974075129,406000.00000000023,81333.33200000002,4.991803360521368
2024,1er Trimestre,Gran Catamarca,0.3646256517828874,295000,57200,5.1573426573426575
2024,1er Trimestre,Salta,0.42843266503092536,339000,55400,6.11913357400722
2024,1er Trimestre,La Rioja,0.31688543928345325,227500,67142.86,3.3882977281575433
2024,1er Trimestre,San Luis - El Chorrillo,0.358407621058916,383333.33,73600,5.2083332880434785
2024,1er Trimestre,Gran San Juan,0.38629637142094,312000,46950,6.645367412140575
2024,1er Trimestre,Gran Tucuman - T. Viejo,0.38325602566652606,295000,54000,5.462962962962963
2024,1er Trimestre,Santa Rosa - Toay,0.42198787786099956,540000,56500,9.557522123893806
2024,1er Trimestre,Ushuaia - Rio Grande,0.43715516191173265,650000,90000,7.222222222222222
2024,1er Trimestre,Ciudad de Buenos Aires,0.4643164522426275,770000,93000,8.279569892473118
2024,1er Trimestre,Partidos del GBA,0.49456948653062227,441666.67,50000,8.833333399999999
2024,1er Trimestre,Mar del Plata - Batan,0.3661469972080056,400000,73333.33,5.45454570247935
2024,1er Trimestre,Rio Cuarto,0.39128829892149497,400000,70150,5.702066999287242
2024,1er Trimestre,San Nicolas - Villa Constitucion,0.45130056459547063,385000,56700,6.790123456790123
2024,1er Trimestre,Rawson - Trelew,0.4417574925955705,416666.67,75000,5.5555556
2024,1er Trimestre,Viedma - Carmen de Patagones.,0.3544135666571151,395833.33,71166.67000000003,5.562060582573273
2023,4to Trimestre,Gran La Plata,0.4917677058261347,315333.33,26450,11.921865028355388
2023,4to Trimestre,Bahia Blanca - Cerri,0.379797414399377,350000,58500,5.982905982905983
2023,4to Trimestre,Gran Rosario,0.4184914821332768,332500,40000,8.3125
2023,4to Trimestre,Gran Santa Fe,0.437347034046212,250000,30800,8.116883116883116
2023,4to Trimestre,Gran Parana,0.42148213080321284,300000,47631.668999999994,6.298330633763852
2023,4to Trimestre,Posadas,0.4540206669300346,250000,36312.5,6.884681583476764
2023,4to Trimestre,Gran Resistencia,0.3865574639105489,165000,26400,6.25
2023,4to Trimestre,Cdro. Rivadavia - R.Tilly,0.4152269615916282,362500,47850.00000000003,7.575757575757571
2023,4to Trimestre,Gran Mendoza,0.3893120519627473,235000,36000,6.527777777777778
2023,4to Trimestre,Corrientes,0.3663594734144624,219333.33400000024,43000,5.100775209302331
2023,4to Trimestre,Gran Cordoba,0.39841159070294907,288666.6680000004,46000,6.275362347826096
2023,4to Trimestre,Concordia,0.3783560852951098,210000,35454.55,5.923076163708184
2023,4to Trimestre,Formosa,0.31364381067146496,160000,40000,4
2023,4to Trimestre,Neuquen - Plottier,0.4392966599763213,450000,49699.99999999999,9.054325955734408
2023,4to Trimestre,S. del Estero - La Banda,0.33275110107587125,180000,38108,4.723417655085546
2023,4to Trimestre,Jujuy - Palpala,0.3874997058381382,225000,39200,5.739795918367347
2023,4to Trimestre,Rio Gallegos,0.3909257827917827,380000,54000,7.037037037037037
2023,4to Trimestre,Gran Catamarca,0.3843563899327478,205466.66599999994,34771.432,5.909065407487386
2023,4to Trimestre,Salta,0.4211612998235523,230000,37000,6.216216216216216
2023,4to Trimestre,La Rioja,0.29614884654239404,165000,45000,3.6666666666666665
2023,4to Trimestre,San Luis - El Chorrillo,0.3662147750994791,330000,61734.8,5.3454453565898
2023,4to Trimestre,Gran San Juan,0.34010794754857443,201107.00000000012,43000,4.676906976744188
2023,4to Trimestre,Gran Tucuman - T. Viejo,0.3548765435621135,188270,39258.333,4.795669749910166
2023,4to Trimestre,Santa Rosa - Toay,0.48551850093082294,433333.33,34333.33,12.621360351588384
2023,4to Trimestre,Ushuaia - Rio Grande,0.651251142884945,457300.00000000035,73433.332,6.227417271491921
2023,4to Trimestre,Ciudad de Buenos Aires,0.43396093855531603,514000,75000,6.8533333333333335
2023,4to Trimestre,Partidos del GBA,0.41913820475292596,276000,36000,7.666666666666667
2023,4to Trimestre,Mar del Plata - Batan,0.35797380605187357,242700.00000000012,44200.00200000001,5.49094997778507
2023,4to Trimestre,Rio Cuarto,0.46706112268933,310000,38428.57,8.066914798026572
2023,4to Trimestre,San Nicolas - Villa Constitucion,0.4135908069183927,272600.0000000001,35160,7.75312855517634
2023,4to Trimestre,Rawson - Trelew,0.46843635708069087,300000,37625.00000000001,7.973421926910297
2023,4to Trimestre,Viedma - Carmen de Patagones.,0.33968173318436357,270000,56000,4.821428571428571
2023,3er Trimestre,Gran La Plata,0.4354967590899719,270000,32500,8.307692307692308
2023,3er Trimestre,Bahia Blanca - Cerri,0.41120768181545486,292500,37500,7.8
2023,3er Trimestre,Gran Rosario,0.42321238883207,250000,28623.331000000013,8.734133703725814
2023,3er Trimestre,Gran Santa Fe,0.4062940321191775,201666.67,27571.43,7.314334802366073
2023,3er Trimestre,Gran Parana,0.4287260553875001,260000,34000,7.647058823529412
2023,3er Trimestre,Posadas,0.3879035800915176,181999.99999999988,33270.00200000001,5.470393419273009
2023,3er Trimestre,Gran Resistencia,0.35187347824867743,112500,25000,4.5
2023,3er Trimestre,Cdro. Rivadavia - R.Tilly,0.3842079645610852,300000,45000,6.666666666666667
2023,3er Trimestre,Gran Mendoza,0.4134240233908031,202560,29000,6.9848275862068965
2023,3er Trimestre,Corrientes,0.3841973141186372,223333.33,36722.22,6.081694679678951
2023,3er Trimestre,Gran Cordoba,0.41649047767072034,246000,32740.000000000004,7.513744654856444
2023,3er Trimestre,Concordia,0.3747720934865697,175000,26666.67,6.562499179687603
2023,3er Trimestre,Formosa,0.36190193298131135,147750.00000000006,24000,6.156250000000003
2023,3er Trimestre,Neuquen - Plottier,0.39032226857850105,263750,50000,5.275
2023,3er Trimestre,S. del Estero - La Banda,0.36225752168212466,152000,27340.000000000007,5.559619604974395
2023,3er Trimestre,Jujuy - Palpala,0.38494918508683895,173466.666,30000,5.7822222
2023,3er Trimestre,Rio Gallegos,0.36392766059958603,290000,50000,5.8
2023,3er Trimestre,Gran Catamarca,0.3759088885838082,166666.67,29083.33,5.730659797210292
2023,3er Trimestre,Salta,0.3772830522981394,184400.0000000001,32000,5.762500000000003
2023,3er Trimestre,La Rioja,0.28888291164975044,119750,31430,3.810054088450525
2023,3er Trimestre,San Luis - El Chorrillo,0.38855394413224076,184000,29560.67,6.224486792755374
2023,3er Trimestre,Gran San Juan,0.35445292993608746,164666.67,31218.67,5.274621564595802
2023,3er Trimestre,Gran Tucuman - T. Viejo,0.37032522651259114,164000,31116.669,5.270487017746019
2023,3er Trimestre,Santa Rosa - Toay,0.5141675595300939,370000,32000,11.5625
2023,3er Trimestre,Ushuaia - Rio Grande,0.43346935490524174,397500.00100000034,54000,7.361111129629636
2023,3er Trimestre,Ciudad de Buenos Aires,0.42603951987999267,400000,52000,7.6923076923076925
2023,3er Trimestre,Partidos del GBA,0.4372291230741894,233333.33,26250,8.888888761904761
2023,3er Trimestre,Mar del Plata - Batan,0.3400218173117793,197333.33599999998,37280.00000000001,5.293276180257509
2023,3er Trimestre,Rio Cuarto,0.46903679448848834,277000.00000000047,32666.67,8.479590971470325
2023,3er Trimestre,San Nicolas - Villa Constitucion,0.4189731181986929,217500,31600,6.882911392405063
2023,3er Trimestre,Rawson - Trelew,0.38187312615599467,235000,37000,6.351351351351352
2023,3er Trimestre,Viedma - Carmen de Patagones.,0.3472157284117827,215000,40000,5.375
2023,2do Trimestre,Gran La Plata,0.4368918016582768,184300.00000000023,22533.334,8.178993840858181
2023,2do Trimestre,Bahia Blanca - Cerri,0.38017041020589204,180000,25000,7.2
2023,2do Trimestre,Gran Rosario,0.4050551845223822,197750,27500,7.1909090909090905
2023,2do Trimestre,Gran Santa Fe,0.3964306168549854,150000,21333.33,7.031251098632984
2023,2do Trimestre,Gran Parana,0.38362659251978926,170000,25142.86,6.761362868026946
2023,2do Trimestre,Posadas,0.3778151826315366,150000,23333.33,6.428572346938906
2023,2do Trimestre,Gran Resistencia,0.3914277336421037,96666.66999999998,18880,5.120056673728813
2023,2do Trimestre,Cdro. Rivadavia - R.Tilly,0.37132028584025534,216666.67,43600,4.969419036697248
2023,2do Trimestre,Gran Mendoza,0.3813845312441231,139109.99999999997,24466.67,5.685694048270565
2023,2do Trimestre,Corrientes,0.35563065340389244,125325,26830.63,4.670967472623639
2023,2do Trimestre,Gran Cordoba,0.39421503058588314,172500,26300,6.55893536121673
2023,2do Trimestre,Concordia,0.4282372537884953,116666.67,14857.14,7.852565837031892
2023,2do Trimestre,Formosa,0.3327193163183324,107400,23080,4.6533795493934145
2023,2do Trimestre,Neuquen - Plottier,0.3502709330946061,189250.00000000012,30000,6.308333333333337
2023,2do Trimestre,S. del Estero - La Banda,0.3414796632831667,106666.67,23650,4.510218604651163
2023,2do Trimestre,Jujuy - Palpala,0.37337501622153013,113266.66399999999,23000,4.924637565217391
2023,2do Trimestre,Rio Gallegos,0.3480049575762081,202500,41350.00000000001,4.897218863361547
2023,2do Trimestre,Gran Catamarca,0.3681922916928215,119666.66599999992,25000,4.786666639999997
2023,2do Trimestre,Salta,0.3746275833087225,140000,26666.67,5.2499993437500825
2023,2do Trimestre,La Rioja,0.2836594262375911,98250,25333.33,3.878289983985524
2023,2do Trimestre,San Luis - El Chorrillo,0.3539245965511668,133333.33,26594.8,5.013511287920947
2023,2do Trimestre,Gran San Juan,0.33741379785965364,125000,26916.67,4.643962273193527
2023,2do Trimestre,Gran Tucuman - T. Viejo,0.3623297870500437,115000,22000,5.2272727272727275
2023,2do Trimestre,Santa Rosa - Toay,0.45769654619215316,223800.00000000006,20000,11.190000000000003
2023,2do Trimestre,Ushuaia - Rio Grande,0.41334629186317784,261333.33400000032,40000,6.533333350000008
2023,2do Trimestre,Ciudad de Buenos Aires,0.40680061755526253,274500,32666.67,8.403060367034657
2023,2do Trimestre,Partidos del GBA,0.41853528204308077,155700.0000000003,22000,7.0772727272727405
2023,2do Trimestre,Mar del Plata - Batan,0.330705423111624,140000,26500,5.283018867924528
2023,2do Trimestre,Rio Cuarto,0.4334972521627094,143000,25000,5.72
2023,2do Trimestre,San Nicolas - Villa Constitucion,0.39233274592152156,146750,22750,6.450549450549451
2023,2do Trimestre,Rawson - Trelew,0.4071809876440682,187500,26000,7.211538461538462
2023,2do Trimestre,Viedma - Carmen de Patagones.,0.35456205124498297,163333.33,31666.67,5.157894088642728
2023,1er Trimestre,Gran La Plata,0.41195432531023357,150000,20000,7.5
2023,1er Trimestre,Bahia Blanca - Cerri,0.3929747183566832,190000,30000,6.333333333333333
2023,1er Trimestre,Gran Rosario,0.40867968300796065,157500,24000,6.5625
2023,1er Trimestre,Gran Santa Fe,0.4028489085407898,150000,17600.000000000007,8.52272727272727
2023,1er Trimestre,Gran Parana,0.3545481347186126,143750,26916.665,5.340557606226477
2023,1er Trimestre,Posadas,0.4053035938826781,137500,20050,6.85785536159601
2023,1er Trimestre,Gran Resistencia,0.3672164648588705,80500.00000000012,14636.664000000006,5.49988713275102
2023,1er Trimestre,Cdro. Rivadavia - R.Tilly,0.40718192592098035,187666.67,33333.33,5.630000663000066
2023,1er Trimestre,Gran Mendoza,0.40064089388778257,122600.00000000015,18240,6.7214912280701835
2023,1er Trimestre,Corrientes,0.36466010587150777,110500,22533.335,4.903845791135667
2023,1er Trimestre,Gran Cordoba,0.3849082700376698,150000,22166.67,6.766916275651688
2023,1er Trimestre,Concordia,0.3867506691756546,90000,15000,6
2023,1er Trimestre,Formosa,0.3200581358515251,91500.00000000033,20257.14,4.516925883910578
2023,1er Trimestre,Neuquen - Plottier,0.37905174840219047,160000,21000,7.619047619047619
2023,1er Trimestre,S. del Estero - La Banda,0.34365436725761356,98000,17625,5.5602836879432624
2023,1er Trimestre,Jujuy - Palpala,0.35782395441100334,103846.15,19324.997000000003,5.373669656973296
2023,1er Trimestre,Rio Gallegos,0.36619854716005307,185000,33333.33,5.5500005550000555
2023,1er Trimestre,Gran Catamarca,0.3519859018248326,94000,18473.286000000004,5.088428772228178
2023,1er Trimestre,Salta,0.41092336741871804,126666.67,20800,6.08974375
2023,1er Trimestre,La Rioja,0.3000939999901675,88300,23000,3.8391304347826085
2023,1er Trimestre,San Luis - El Chorrillo,0.37343297082747995,116666.67000000001,20945.33,5.570056427852892
2023,1er Trimestre,Gran San Juan,0.3616466539778571,108000,21333.33,5.062500791015748
2023,1er Trimestre,Gran Tucuman - T. Viejo,0.3766444381433871,108000,17490,6.174957118353345
2023,1er Trimestre,Santa Rosa - Toay,0.4236977786473517,167500,18540,9.034519956850055
2023,1er Trimestre,Ushuaia - Rio Grande,0.38407940763613624,225000,44259.997,5.083597271820872
2023,1er Trimestre,Ciudad de Buenos Aires,0.41829977389988926,275500.0000000001,34533.334000000024,7.9777990737876605
2023,1er Trimestre,Partidos del GBA,0.44798622443113345,135599.9999999999,20000,6.779999999999996
2023,1er Trimestre,Mar del Plata - Batan,0.3620128775006606,161666.66499999998,28583.33,5.655977277664988
2023,1er Trimestre,Rio Cuarto,0.3904189627824053,147250.0000000001,22150,6.647855530474045
2023,1er Trimestre,San Nicolas - Villa Constitucion,0.39486195474347596,150000,18666.67,8.035712850765563
2023,1er Trimestre,Rawson - Trelew,0.40782458668709864,172500,26166.67,6.592355848107536
2023,1er Trimestre,Viedma - Carmen de Patagones.,0.3523624798741878,120000,25385.71,4.727068890332395
2022,4to Trimestre,Gran La Plata,0.41928220094226276,120000,16192.31,7.410925309606845
2022,4to Trimestre,Bahia Blanca - Cerri,0.39021735326184626,114500,18000,6.361111111111111
2022,4to Trimestre,Gran Rosario,0.390121924098878,106666.67,18142.86,5.879264349722149
2022,4to Trimestre,Gran Santa Fe,0.3993782251196478,102666.66600000004,17125,5.9951337810219005
2022,4to Trimestre,Gran Parana,0.37071489736956664,100000,16966.667,5.893909510925156
2022,4to Trimestre,Posadas,0.3884250920534953,90000,14949.583000000002,6.020234811900773
2022,4to Trimestre,Gran Resistencia,0.3759140452202132,75000,12871.426000000001,5.826860209583615
2022,4to Trimestre,Cdro. Rivadavia - R.Tilly,0.3716641187672849,140000,24816.670000000006,5.641369289272089
2022,4to Trimestre,Gran Mendoza,0.3888257697824429,93333.33,15000,6.222222
2022,4to Trimestre,Corrientes,0.35222072308584984,68083.33100000003,14500,4.695402137931037
2022,4to Trimestre,Gran Cordoba,0.3851829930995905,105000,18500,5.675675675675675
2022,4to Trimestre,Concordia,0.37085490167939383,69000,13200,5.2272727272727275
2022,4to Trimestre,Formosa,0.34584470673877377,71000,11800,6.016949152542373
2022,4to Trimestre,Neuquen - Plottier,0.3447410830823685,120000,20000,6
2022,4to Trimestre,S. del Estero - La Banda,0.33011278985190984,64299.999999999956,15654.169000000002,4.107531993553918
2022,4to Trimestre,Jujuy - Palpala,0.34141421423368,72666.67,15500,4.688172258064516
2022,4to Trimestre,Rio Gallegos,0.3988567581114495,149100.00000000006,19000,7.847368421052635
2022,4to Trimestre,Gran Catamarca,0.38067355294617755,75666.66800000015,15000,5.044444533333343
2022,4to Trimestre,Salta,0.39025490381766303,83333.32999999999,16666.67,4.99999880000024
2022,4to Trimestre,La Rioja,0.2980086086024585,60000,15000,4
2022,4to Trimestre,San Luis - El Chorrillo,0.3600061982719467,96666.67,17686.36,5.4656056984026105
2022,4to Trimestre,Gran San Juan,0.31948867492252475,90000,19794,4.546832373446499
2022,4to Trimestre,Gran Tucuman - T. Viejo,0.3747572233672827,75000,15000,5
2022,4to Trimestre,Santa Rosa - Toay,0.4747525094419274,150000,13000,11.538461538461538
2022,4to Trimestre,Ushuaia - Rio Grande,0.4734971063897149,178000,29900.000000000007,5.953177257525082
2022,4to Trimestre,Ciudad de Buenos Aires,0.39401171543434543,197000,24000,8.208333333333334
2022,4to Trimestre,Partidos del GBA,0.3998500135916174,97500,16300,5.9815950920245395
2022,4to Trimestre,Mar del Plata - Batan,0.4004858403858691,105200,15091.111000000008,6.970991068848407
2022,4to Trimestre,Rio Cuarto,0.3663703801912561,105500,17500,6.0285714285714285
2022,4to Trimestre,San Nicolas - Villa Constitucion,0.38889582621268914,110000,16333.33,6.734695251978623
2022,4to Trimestre,Rawson - Trelew,0.3963446208182688,116666.67,15000,7.777778
2022,4to Trimestre,Viedma - Carmen de Patagones.,0.3722781920668865,124499.99900000008,25220,4.936558247422684
2022,3er Trimestre,Gran La Plata,0.4200525260958443,117500,14315.000000000002,8.20817324484806
2022,3er Trimestre,Bahia Blanca - Cerri,0.3993811491193924,114600.00000000003,15780,7.262357414448671
2022,3er Trimestre,Gran Rosario,0.3807009686005358,100000,16666.67,5.999998800000241
2022,3er Trimestre,Gran Santa Fe,0.40126256830336615,98500,16000,6.15625
2022,3er Trimestre,Gran Parana,0.3335996710702318,83749.99999999997,16750,4.999999999999998
2022,3er Trimestre,Posadas,0.3675120921046755,85000,16083.329999999998,5.284975188595895
2022,3er Trimestre,Gran Resistencia,0.3688298199248834,55000,11500,4.782608695652174
2022,3er Trimestre,Cdro. Rivadavia - R.Tilly,0.39683026552231127,145000,26666.67,5.437499320312585
2022,3er Trimestre,Gran Mendoza,0.41744904858200016,85000,14250,5.964912280701754
2022,3er Trimestre,Corrientes,0.3756093738719528,67820.00000000003,14412.5,4.705637467476151
2022,3er Trimestre,Gran Cordoba,0.4003738677915294,100000,15000,6.666666666666667
2022,3er Trimestre,Concordia,0.37888873202001605,68000,12000,5.666666666666667
2022,3er Trimestre,Formosa,0.3535615630988218,68250,12284.289,5.5558771044868775
2022,3er Trimestre,Neuquen - Plottier,0.3468664642338126,100000,20000,5
2022,3er Trimestre,S. del Estero - La Banda,0.3678962154887131,68050,13214.29,5.149728059547656
2022,3er Trimestre,Jujuy - Palpala,0.35660098689976394,72375,13150,5.503802281368821
2022,3er Trimestre,Rio Gallegos,0.42549907266625553,145266.66700000004,16199.997000000007,8.967079870446888
2022,3er Trimestre,Gran Catamarca,0.37400957391628253,64250,14500,4.431034482758621
2022,3er Trimestre,Salta,0.37621798492648395,83250,14500,5.741379310344827
2022,3er Trimestre,La Rioja,0.3114273994189034,57833.33,14800,3.9076574324324325
2022,3er Trimestre,San Luis - El Chorrillo,0.3892261143069504,78299.99999999999,13605,5.755237045203968
2022,3er Trimestre,Gran San Juan,0.3606150489840161,90000,16246.43,5.539678563228968
2022,3er Trimestre,Gran Tucuman - T. Viejo,0.376534665542124,68750,12233.329999999998,5.619892539480257
2022,3er Trimestre,Santa Rosa - Toay,0.48896042388319927,135666.66799999998,12000,11.305555666666665
2022,3er Trimestre,Ushuaia - Rio Grande,0.4972333349820701,169000.00000000032,19400,8.711340206185584
2022,3er Trimestre,Ciudad de Buenos Aires,0.40807586272575236,165000,26000,6.346153846153846
2022,3er Trimestre,Partidos del GBA,0.4249401992805133,96000,12000,8
2022,3er Trimestre,Mar del Plata - Batan,0.35262502431785947,100000,17200,5.813953488372093
2022,3er Trimestre,Rio Cuarto,0.4290432506986974,93000,16666.665,5.580000558000055
2022,3er Trimestre,San Nicolas - Villa Constitucion,0.39267290878774475,100000,14666.67,6.818180268595394
2022,3er Trimestre,Rawson - Trelew,0.42925597625782075,125800.00000000007,16000,7.862500000000004
2022,3er Trimestre,Viedma - Carmen de Patagones.,0.32745725152093996,91250,20333.33,4.487705653722238
2022,2do Trimestre,Gran La Plata,0.40774721745447096,66666.67,9500,7.0175442105263155
2022,2do Trimestre,Bahia Blanca - Cerri,0.44111021731339406,96666.67,11666.67,8.285712204082227
2022,2do Trimestre,Gran Rosario,0.3835974118755985,80000,14506.666000000001,5.514706135786128
2022,2do Trimestre,Gran Santa Fe,0.4152693119577293,73333.33,11975.000000000002,6.123868893528183
2022,2do Trimestre,Gran Parana,0.32819252292105716,65000,14750,4.406779661016949
2022,2do Trimestre,Posadas,0.369597876242608,65000,12454.17,5.219135438170508
2022,2do Trimestre,Gran Resistencia,0.35097558689813013,48666.67,9166.67,5.3090893421493295
2022,2do Trimestre,Cdro. Rivadavia - R.Tilly,0.36294267519443224,115000,20000,5.75
2022,2do Trimestre,Gran Mendoza,0.39702215509623784,70666.67,12500,5.6533336
2022,2do Trimestre,Corrientes,0.38752161654471706,60571.43000000001,11183.33,5.416224863256294
2022,2do Trimestre,Gran Cordoba,0.42132631160018263,79600.00000000003,11000,7.236363636363639
2022,2do Trimestre,Concordia,0.3713235470909524,51000,9750,5.230769230769231
2022,2do Trimestre,Formosa,0.3326450397601093,55186.668000000034,10000,5.518666800000004
2022,2do Trimestre,Neuquen - Plottier,0.37642672679686484,80000,13000,6.153846153846154
2022,2do Trimestre,S. del Estero - La Banda,0.32378408416064985,52100.00000000002,11166.67,4.665670249053659
2022,2do Trimestre,Jujuy - Palpala,0.35272701766211867,56166.67,11400,4.926900877192982
2022,2do Trimestre,Rio Gallegos,0.3919468420833141,100666.67,15600,6.452991666666667
2022,2do Trimestre,Gran Catamarca,0.3584997333289266,53333.33,9766.67,5.460748648208653
2022,2do Trimestre,Salta,0.37019274472982033,60000,12333.33,4.864866179693562
2022,2do Trimestre,La Rioja,0.3127708160464522,49100.00000000014,12250,4.008163265306134
2022,2do Trimestre,San Luis - El Chorrillo,0.3603961851299573,62371.66699999999,12421.5,5.021266916233948
2022,2do Trimestre,Gran San Juan,0.3216460832284156,59720.00000000007,13050,4.576245210727975
2022,2do Trimestre,Gran Tucuman - T. Viejo,0.3639896228594921,60000,11000,5.454545454545454
2022,2do Trimestre,Santa Rosa - Toay,0.43185237011417144,100000,8714.29,11.475404192424167
2022,2do Trimestre,Ushuaia - Rio Grande,0.38432954564572697,110000,19600,5.612244897959184
2022,2do Trimestre,Ciudad de Buenos Aires,0.37203508192862955,127899.99999999997,22500,5.684444444444443
2022,2do Trimestre,Partidos del GBA,0.43326728358033506,73000,9000,8.11111111111111
2022,2do Trimestre,Mar del Plata - Batan,0.3330367232152014,75000,15000,5
2022,2do Trimestre,Rio Cuarto,0.3810943172314296,70000,11725.000000000002,5.970149253731343
2022,2do Trimestre,San Nicolas - Villa Constitucion,0.4009193249963232,73333.33,13166.67,5.569618589969977
2022,2do Trimestre,Rawson - Trelew,0.4196441739206307,103600,13000,7.969230769230769
2022,2do Trimestre,Viedma - Carmen de Patagones.,0.345238622926189,77000,14960.000000000002,5.147058823529411
2022,1er Trimestre,Gran La Plata,0.4091350365766715,72000,9125,7.890410958904109
2022,1er Trimestre,Bahia Blanca - Cerri,0.4388368115655936,85000,8500,10
2022,1er Trimestre,Gran Rosario,0.39538110379209,78750,11833.335,6.654928640150896
2022,1er Trimestre,Gran Santa Fe,0.41517158585801894,80450.0000000001,10500,7.661904761904772
2022,1er Trimestre,Gran Parana,0.36485783510815395,68000,12650,5.375494071146245
2022,1er Trimestre,Posadas,0.4122090271930574,66000,8908.33,7.408796036967647
2022,1er Trimestre,Gran Resistencia,0.39215846555242706,47500,7000,6.785714285714286
2022,1er Trimestre,Cdro. Rivadavia - R.Tilly,0.3818582049593715,95000,16000,5.9375
2022,1er Trimestre,Gran Mendoza,0.4337376547105123,65000,10600,6.132075471698113
2022,1er Trimestre,Corrientes,0.38836018888747503,57400.00000000003,10542.86,5.444442968985648
2022,1er Trimestre,Gran Cordoba,0.41109709356578605,70000,9600,7.291666666666667
2022,1er Trimestre,Concordia,0.4454634019299988,58600,6750,8.681481481481482
2022,1er Trimestre,Formosa,0.36559306237467126,54100.00000000014,11000,4.91818181818183
2022,1er Trimestre,Neuquen - Plottier,0.404216079513958,82333.33,13220,6.227937216338881
2022,1er Trimestre,S. del Estero - La Banda,0.35632727419431376,55000,10000,5.5
2022,1er Trimestre,Jujuy - Palpala,0.3748873425942634,55300.000000000065,10200,5.421568627450987
2022,1er Trimestre,Rio Gallegos,0.42694743422890724,107625,14016.665,7.67836000931748
2022,1er Trimestre,Gran Catamarca,0.36912854288357266,50000,8893.75,5.621925509486999
2022,1er Trimestre,Salta,0.430285767413352,66088.00099999996,10300,6.416310776699025
2022,1er Trimestre,La Rioja,0.29985402529018756,45000,12083.33,3.724138958383161
2022,1er Trimestre,San Luis - El Chorrillo,0.3772868557095421,60000,11166.67,5.373132724437992
2022,1er Trimestre,Gran San Juan,0.37269112455373943,56666.67,10800,5.246913888888889
2022,1er Trimestre,Gran Tucuman - T. Viejo,0.3864941044578245,55333.33,10000,5.533333
2022,1er Trimestre,Santa Rosa - Toay,0.48076956356523226,112500,9514.29,11.824318998054505
2022,1er Trimestre,Ushuaia - Rio Grande,0.37478885153780084,106250,16666.67,6.374998725000256
2022,1er Trimestre,Ciudad de Buenos Aires,0.4216940087870569,139250,15000,9.283333333333333
2022,1er Trimestre,Partidos del GBA,0.41556276665562564,65050.000000000065,8642.86,7.52644379291115
2022,1er Trimestre,Mar del Plata - Batan,0.3870834517267525,83333.33,12000,6.944444166666667
2022,1er Trimestre,Rio Cuarto,0.3802935938133487,70000,12000,5.833333333333333
2022,1er Trimestre,San Nicolas - Villa Constitucion,0.3935437692496748,74500,10666.67,6.984372817383495
2022,1er Trimestre,Rawson - Trelew,0.40244023868677914,104000,14540,7.152682255845942
2022,1er Trimestre,Viedma - Carmen de Patagones.,0.3437314451486486,69600,15000,4.64
2021,4to Trimestre,Gran La Plata,0.41039311299152814,60200.000000000044,7000,8.600000000000007
2021,4to Trimestre,Bahia Blanca - Cerri,0.41512080230965864,61000,9333.33,6.535716619898793
2021,4to Trimestre,Gran Rosario,0.401753183813355,61666.67,10488.89,5.879236983131675
2021,4to Trimestre,Gran Santa Fe,0.39272047328867643,55000,8900,6.179775280898877
2021,4to Trimestre,Gran Parana,0.3181087715598494,52500,12500,4.2
2021,4to Trimestre,Posadas,0.3769542305957714,50000,10000,5
2021,4to Trimestre,Gran Resistencia,0.36970587645720343,32475.000000000022,5900,5.504237288135597
2021,4to Trimestre,Cdro. Rivadavia - R.Tilly,0.3477013332955039,70000,15000,4.666666666666667
2021,4to Trimestre,Gran Mendoza,0.40421715495665467,50666.67,8100,6.255144444444444
2021,4to Trimestre,Corrientes,0.36630436069225425,45000,8400,5.357142857142857
2021,4to Trimestre,Gran Cordoba,0.40804600669315505,60000,9833.33,6.101696983626097
2021,4to Trimestre,Concordia,0.38708939298271616,44500,8000,5.5625
2021,4to Trimestre,Formosa,0.3508124564075956,37500,8000,4.6875
2021,4to Trimestre,Neuquen - Plottier,0.39000287724724103,71349.99999999997,12016.67,5.937585038117879
2021,4to Trimestre,S. del Estero - La Banda,0.33196343465067457,42500,8730.000000000002,4.868270332187857
2021,4to Trimestre,Jujuy - Palpala,0.33393215645850205,41716.66800000001,9833.33,4.24237445504219
2021,4to Trimestre,Rio Gallegos,0.3991662043296742,76666.67,11166.67,6.865669890844808
2021,4to Trimestre,Gran Catamarca,0.3798869977242134,40000,7137.5,5.604203152364273
2021,4to Trimestre,Salta,0.3922565390096793,45333.33,9000,5.037036666666667
2021,4to Trimestre,La Rioja,0.28959565381501307,35000,9016.67,3.881699119519734
2021,4to Trimestre,San Luis - El Chorrillo,0.42064855084529995,51025.00000000001,8752.833,5.829541132568164
2021,4to Trimestre,Gran San Juan,0.3632657291806254,48000,9275,5.175202156334231
2021,4to Trimestre,Gran Tucuman - T. Viejo,0.37221352487102877,39000,7714.29,5.055552746915141
2021,4to Trimestre,Santa Rosa - Toay,0.39451760192844176,75000,8312.5,9.022556390977444
2021,4to Trimestre,Ushuaia - Rio Grande,0.39289375973123697,85000,13166.67,6.455694568178591
2021,4to Trimestre,Ciudad de Buenos Aires,0.48140564444196343,120875.00000000006,15875,7.61417322834646
2021,4to Trimestre,Partidos del GBA,0.40399404589061305,59666.67,7200,8.2870375
2021,4to Trimestre,Mar del Plata - Batan,0.39476155794638146,69333.33400000003,8733.336000000001,7.938928949945361
2021,4to Trimestre,Rio Cuarto,0.3610344178319451,58333.33,10900,5.351681651376147
2021,4to Trimestre,San Nicolas - Villa Constitucion,0.385064065547283,56333.33,7500,7.511110666666667
2021,4to Trimestre,Rawson - Trelew,0.38512608677569915,75000,14000,5.357142857142857
2021,4to Trimestre,Viedma - Carmen de Patagones.,0.3786869995663835,72500,12500,5.8
2021,3er Trimestre,Gran La Plata,0.47595428828553565,65000,6716.668,9.677417433763289
2021,3er Trimestre,Bahia Blanca - Cerri,0.42959865178050904,74750,8140.0030000000015,9.18304329863269
2021,3er Trimestre,Gran Rosario,0.4058327520830858,63099.99899999999,8645,7.299016657027182
2021,3er Trimestre,Gran Santa Fe,0.4046041851163693,53309.996999999996,7520,7.08909534574468
2021,3er Trimestre,Gran Parana,0.3359217988553951,52500,10000,5.25
2021,3er Trimestre,Posadas,0.37679309665296046,46050.00000000001,8100,5.685185185185186
2021,3er Trimestre,Gran Resistencia,0.38831390305585956,35000,4846.15,7.2222279541491705
2021,3er Trimestre,Cdro. Rivadavia - R.Tilly,0.37838136731332384,72500,13254.55,5.469819797729836
2021,3er Trimestre,Gran Mendoza,0.41666506207997145,49050.000000000065,7666.67,6.3978233052942235
2021,3er Trimestre,Corrientes,0.35703996028951224,40875,8450,4.837278106508876
2021,3er Trimestre,Gran Cordoba,0.416475570653688,60000,7971.43,7.526880371526815
2021,3er Trimestre,Concordia,0.4051616201363686,40449.999999999985,5900,6.855932203389828
2021,3er Trimestre,Formosa,0.4407715018093654,36000,4500,8
2021,3er Trimestre,Neuquen - Plottier,0.4092890539758116,72666.67,9800,7.414966326530612
2021,3er Trimestre,S. del Estero - La Banda,0.32384950290679626,38000,8833.33,4.30188841580695
2021,3er Trimestre,Jujuy - Palpala,0.3507569015544618,36933.33400000006,7040,5.246212215909099
2021,3er Trimestre,Rio Gallegos,0.4392522400642349,79300.00000000006,9000,8.811111111111117
2021,3er Trimestre,Gran Catamarca,0.41774158917650084,48000,6000,8
2021,3er Trimestre,Salta,0.42348275761241894,49500,6783.335,7.297295504349999
2021,3er Trimestre,La Rioja,0.30109528494813276,37512.5,9640,3.891338174273859
2021,3er Trimestre,San Luis - El Chorrillo,0.3936066304674455,46666.67,7777.78,5.999998714286082
2021,3er Trimestre,Gran San Juan,0.4080515197511545,50000,8694.05,5.7510596327373324
2021,3er Trimestre,Gran Tucuman - T. Viejo,0.3730049033212026,38750,7000,5.535714285714286
2021,3er Trimestre,Santa Rosa - Toay,0.492321389529522,75233.331,5544.44,13.569148732784557
2021,3er Trimestre,Ushuaia - Rio Grande,0.4772593270774337,87500,12250,7.142857142857143
2021,3er Trimestre,Ciudad de Buenos Aires,0.443952851983056,105000,14312.000000000004,7.336500838457237
2021,3er Trimestre,Partidos del GBA,0.43779449277110416,58040.00000000001,6944.4400000000005,8.357765348969824
2021,3er Trimestre,Mar del Plata - Batan,0.39560291869956643,54000,7333.33,7.363639710745323
2021,3er Trimestre,Rio Cuarto,0.4128826183713272,53925.000000000015,9200,5.8614130434782625
2021,3er Trimestre,San Nicolas - Villa Constitucion,0.40361621409863346,53333.33,7500,7.111110666666667
2021,3er Trimestre,Rawson - Trelew,0.4151102387125434,80000,10000,8
2021,3er Trimestre,Viedma - Carmen de Patagones.,0.3751040849052458,64000,10000,6.4
2021,2do Trimestre,Gran La Plata,0.4844737596932447,53083.33099999999,4750,11.175438105263156
2021,2do Trimestre,Bahia Blanca - Cerri,0.37793773699777944,55000,7866.67,6.991522461219296
2021,2do Trimestre,Gran Rosario,0.38680039485535644,46000,8000,5.75
2021,2do Trimestre,Gran Santa Fe,0.43648249301975284,48500,5125,9.463414634146341
2021,2do Trimestre,Gran Parana,0.3389743577693025,41000,7500,5.466666666666667
2021,2do Trimestre,Posadas,0.37824593122084593,35200,6671.67,5.276040331731036
2021,2do Trimestre,Gran Resistencia,0.3863769707990059,31600.002000000004,5050,6.257426138613862
2021,2do Trimestre,Cdro. Rivadavia - R.Tilly,0.3372196429188534,60000,11666.67,5.142855673469808
2021,2do Trimestre,Gran Mendoza,0.42399512046870313,45000,6333.33,7.105266897508893
2021,2do Trimestre,Corrientes,0.38795805072624034,35300.00000000007,6833.33,5.16585617846644
2021,2do Trimestre,Gran Cordoba,0.45296607157615654,49425.00000000007,6251.667,7.90589134066163
2021,2do Trimestre,Concordia,0.40777616280161055,32500,4375,7.428571428571429
2021,2do Trimestre,Formosa,0.35860001547303,29060.000000000015,5666.67,5.128232277510428
2021,2do Trimestre,Neuquen - Plottier,0.41553227518033964,60000,8900,6.741573033707865
2021,2do Trimestre,S. del Estero - La Banda,0.3626918283555369,30950,7000,4.421428571428572
2021,2do Trimestre,Jujuy - Palpala,0.3457713257739101,32180.00000000002,7000,4.59714285714286
2021,2do Trimestre,Rio Gallegos,0.38868601818927573,60000,9350.000000000002,6.41711229946524
2021,2do Trimestre,Gran Catamarca,0.39180044343999043,34050.000000000065,5100,6.676470588235307
2021,2do Trimestre,Salta,0.41968163048238694,40000,5575,7.174887892376682
2021,2do Trimestre,La Rioja,0.3052635418122236,30000,8000,3.75
2021,2do Trimestre,San Luis - El Chorrillo,0.3488324036885331,38751.99999999999,8100,4.784197530864197
2021,2do Trimestre,Gran San Juan,0.34560263499457733,35000,7000,5
2021,2do Trimestre,Gran Tucuman - T. Viejo,0.41007560235544815,34500,5241.665,6.581878086447722
2021,2do Trimestre,Santa Rosa - Toay,0.46026371812217803,59733.33400000002,6060,9.85698580858086
2021,2do Trimestre,Ushuaia - Rio Grande,0.41354384413031653,68000.00000000012,10000,6.800000000000011
2021,2do Trimestre,Ciudad de Buenos Aires,0.3807743948156457,86666.67,15000,5.777778
2021,2do Trimestre,Partidos del GBA,0.40798817592087744,46149.99999999998,6154.000000000004,7.499187520311985
2021,2do Trimestre,Mar del Plata - Batan,0.48883275644639923,42000,5833.33,7.200004114288065
2021,2do Trimestre,Rio Cuarto,0.38503210930375076,43333.33,7975.000000000002,5.433646394984325
2021,2do Trimestre,San Nicolas - Villa Constitucion,0.38327090367482697,40000,6295.000000000002,6.354249404289116
2021,2do Trimestre,Rawson - Trelew,0.4355687932113881,69000,8416.67,8.198016555240969
2021,2do Trimestre,Viedma - Carmen de Patagones.,0.3370920649328468,48500,8750,5.542857142857143
2021,1er Trimestre,Gran La Plata,0.4499201586159387,50000,4200,11.904761904761905
2021,1er Trimestre,Bahia Blanca - Cerri,0.43700075923071324,60150.00000000003,6500,9.253846153846158
2021,1er Trimestre,Gran Rosario,0.4248963751080339,49500,5218.333000000001,9.485787894333303
2021,1er Trimestre,Gran Santa Fe,0.4062288005672485,41666.67,6666.67,6.249997375001312
2021,1er Trimestre,Gran Parana,0.3414407083108131,39626.66900000004,7850.000000000002,5.047983312101914
2021,1er Trimestre,Posadas,0.387342515333728,37383.33100000001,5946,6.287139421459807
2021,1er Trimestre,Gran Resistencia,0.3908519975011302,30000,5000,6
2021,1er Trimestre,Cdro. Rivadavia - R.Tilly,0.35428185057523365,66666.67,12025,5.544005821205821
2021,1er Trimestre,Gran Mendoza,0.4281915187490313,47000,6400,7.34375
2021,1er Trimestre,Corrientes,0.4334468774056006,36000,5166.67,6.967737440169393
2021,1er Trimestre,Gran Cordoba,0.42654974998026773,45200,5845.416000000001,7.732554877189235
2021,1er Trimestre,Concordia,0.42128602120908454,36500,4428.57,8.241938142560691
2021,1er Trimestre,Formosa,0.39472750477011687,28500,4675,6.096256684491979
2021,1er Trimestre,Neuquen - Plottier,0.3978667781165939,50500,6500,7.769230769230769
2021,1er Trimestre,S. del Estero - La Banda,0.39579110815913054,31750,6040,5.256622516556291
2021,1er Trimestre,Jujuy - Palpala,0.3625764690764868,32500,6333.33,5.131581648200868
2021,1er Trimestre,Rio Gallegos,0.41234921972309735,65000,9600,6.770833333333333
2021,1er Trimestre,Gran Catamarca,0.37368860758107303,35000,6250,5.6
2021,1er Trimestre,Salta,0.44069582546399033,42500,5319.044000000001,7.99015762982972
2021,1er Trimestre,La Rioja,0.31897142668793776,31125,7125,4.368421052631579
2021,1er Trimestre,San Luis - El Chorrillo,0.384405856942692,40000,6269.6,6.379992344009187
2021,1er Trimestre,Gran San Juan,0.37820415689378706,37500,6350,5.905511811023622
2021,1er Trimestre,Gran Tucuman - T. Viejo,0.4181323688239331,35250,4900,7.1938775510204085
2021,1er Trimestre,Santa Rosa - Toay,0.44471142343600434,70450.00000000001,6250,11.272000000000002
2021,1er Trimestre,Ushuaia - Rio Grande,0.41724842821801644,65000,10000,6.5
2021,1er Trimestre,Ciudad de Buenos Aires,0.4125778513553655,93750,12000,7.8125
2021,1er Trimestre,Partidos del GBA,0.45295770747043207,48824.99999999999,5000,9.764999999999999
2021,1er Trimestre,Mar del Plata - Batan,0.40048874971918735,62900.00000000003,6150.000000000003,10.227642276422765
2021,1er Trimestre,Rio Cuarto,0.3750107370993305,45000,7500,6
2021,1er Trimestre,San Nicolas - Villa Constitucion,0.41223809745895323,39733.33,5833.33,6.811431892246796
2021,1er Trimestre,Rawson - Trelew,0.4276550093369451,78000,9666.67,8.068962734840436
2021,1er Trimestre,Viedma - Carmen de Patagones.,0.36543016524089467,50000,8220,6.082725060827251
2020,4to Trimestre,Gran La Plata,0.411122930766183,45000,7000,6.428571428571429
2020,4to Trimestre,Bahia Blanca - Cerri,0.35326095101348187,43750,6466.67,6.765460430175036
2020,4to Trimestre,Gran Rosario,0.37302485197784563,37750,6250,6.04
2020,4to Trimestre,Gran Santa Fe,0.3800948110621789,36200.000000000044,5071.43,7.138026158302499
2020,4to Trimestre,Gran Parana,0.3386932980652091,33399.998,6640.002,5.030118665626907
2020,4to Trimestre,Posadas,0.34931185331242887,30000,5790,5.181347150259067
2020,4to Trimestre,Gran Resistencia,0.3921620399554513,28666.67,5000,5.733333999999999
2020,4to Trimestre,Cdro. Rivadavia - R.Tilly,0.42281511244857484,50000,8685.716000000008,5.756577811201743
2020,4to Trimestre,Gran Mendoza,0.41670298949020435,36000,5900,6.101694915254237
2020,4to Trimestre,Corrientes,0.39537651074380165,26400,4600,5.739130434782608
2020,4to Trimestre,Gran Cordoba,0.3993703710711145,38875,6666.67,5.831247084376458
2020,4to Trimestre,Concordia,0.35991080515140084,26333.33,5171.43,5.092078980088679
2020,4to Trimestre,Formosa,0.33353520447025176,26750,5800,4.612068965517241
2020,4to Trimestre,Neuquen - Plottier,0.43647891883107093,52500,5077.78,10.339163965354938
2020,4to Trimestre,S. del Estero - La Banda,0.32186071583964804,22500,5666.67,3.970585899655353
2020,4to Trimestre,Jujuy - Palpala,0.3438257085596774,26250,5266.67,4.9841740606493286
2020,4to Trimestre,Rio Gallegos,0.39202288272571195,48000,8000,6
2020,4to Trimestre,Gran Catamarca,0.3588652551534892,27119.999999999985,5266.67,5.1493638295165605
2020,4to Trimestre,Salta,0.41867065836316897,32640,3833.33,8.514790012860882
2020,4to Trimestre,La Rioja,0.3185615864633178,25000,6250,4
2020,4to Trimestre,San Luis - El Chorrillo,0.3791189242421922,32500,5744.44,5.6576446093962165
2020,4to Trimestre,Gran San Juan,0.34784927457036474,32000,6193.45,5.1667487426232555
2020,4to Trimestre,Gran Tucuman - T. Viejo,0.3985309745748964,29750,5000,5.95
2020,4to Trimestre,Santa Rosa - Toay,0.4446211674928122,48000,6000,8
2020,4to Trimestre,Ushuaia - Rio Grande,0.37604437246872635,51500,8000,6.4375
2020,4to Trimestre,Ciudad de Buenos Aires,0.35343636509958287,65000,10800,6.018518518518518
2020,4to Trimestre,Partidos del GBA,0.47103756896876803,34912.50000000008,3400,10.2683823529412
2020,4to Trimestre,Mar del Plata - Batan,0.45146594629970593,44400.002000000015,4849.998000000004,9.154643362739526
2020,4to Trimestre,Rio Cuarto,0.40444822064412733,40000,5620,7.117437722419929
2020,4to Trimestre,San Nicolas - Villa Constitucion,0.40697248760159255,37500,5600,6.696428571428571
2020,4to Trimestre,Rawson - Trelew,0.40878571618779347,51500,7500,6.866666666666666
2020,4to Trimestre,Viedma - Carmen de Patagones.,0.3931619512852933,45000,6500,6.923076923076923
2020,3er Trimestre,Gran La Plata,0.8383723390225555,746667,2500,298.6668
2020,3er Trimestre,Bahia Blanca - Cerri,0.8308868745397895,1412857,9060,155.9444812362031
2020,3er Trimestre,Gran Rosario,0.8578361755935191,1186667.0000000044,5250,226.03180952381035
2020,3er Trimestre,Gran Santa Fe,0.8299064034206936,955000,6250,152.8
2020,3er Trimestre,Gran Parana,0.8337936088751832,1333333,6000,222.22216666666668
2020,3er Trimestre,Posadas,0.8114621413074303,1128333,7296,154.65090460526315
2020,3er Trimestre,Gran Resistencia,0.8280327962736322,956667,5000,191.3334
2020,3er Trimestre,Cdro. Rivadavia - R.Tilly,0.8091254319825651,2158095.200000007,8900,242.48260674157385
2020,3er Trimestre,Gran Mendoza,0.8285245864822173,1336666.4000000046,6880,194.28290697674484
2020,3er Trimestre,Corrientes,0.7949758883157756,1453333,6400,227.08328125
2020,3er Trimestre,Gran Cordoba,0.8091952903471622,1646667,6500,253.3333846153846
2020,3er Trimestre,Concordia,0.7826387383473019,1341333.0000000019,6500,206.35892307692336
2020,3er Trimestre,Formosa,0.7913572774891833,1228666.9999999981,6250,196.5867199999997
2020,3er Trimestre,Neuquen - Plottier,0.8444271622470723,1633333,8000,204.166625
2020,3er Trimestre,S. del Estero - La Banda,0.7708666390703343,1405714,7375,190.6052881355932
2020,3er Trimestre,Jujuy - Palpala,0.7782037644003879,1166667,8000,145.833375
2020,3er Trimestre,Rio Gallegos,0.8346751997599746,2033333,8000,254.166625
2020,3er Trimestre,Gran Catamarca,0.7829215470628696,1496667,6875,217.69701818181818
2020,3er Trimestre,Salta,0.7795981620622854,1423333,6400,222.39578125
2020,3er Trimestre,La Rioja,0.7895123611440624,1333333,8250,161.61612121212121
2020,3er Trimestre,San Luis - El Chorrillo,0.7859263436982928,1483333,7800,190.17089743589744
2020,3er Trimestre,Gran San Juan,0.7735725263181052,1389357,8000,173.669625
2020,3er Trimestre,Gran Tucuman - T. Viejo,0.798014511203796,1128571,6972,161.87191623637406
2020,3er Trimestre,Santa Rosa - Toay,0.8667297328939227,1026667,6500,157.94876923076924
2020,3er Trimestre,Ciudad de Buenos Aires,0.8264616486134528,1423333,11725.000000000002,121.39300639658846
2020,3er Trimestre,Partidos del GBA,0.8567570039723194,833333,4375,190.4761142857143
2020,3er Trimestre,Mar del Plata - Batan,0.8299997527649694,1521333.0000000075,10400,146.28201923076995
2020,3er Trimestre,Rio Cuarto,0.8277754861544935,1633333,7000,233.33328571428572
2020,3er Trimestre,San Nicolas - Villa Constitucion,0.8674661247047197,1166667,7000,166.66671428571428
2020,3er Trimestre,Rawson - Trelew,0.8198333598488574,1833333,9000,203.70366666666666
2020,3er Trimestre,Viedma - Carmen de Patagones.,0.8476989226563703,1133333,7975.000000000002,142.11072100313476
2020,2do Trimestre,Gran La Plata,0.4623556507469857,41666.67,4142.86,10.057465132782667
2020,2do Trimestre,Bahia Blanca - Cerri,0.3982849056598923,38700,5240,7.385496183206107
2020,2do Trimestre,Gran Rosario,0.44060873280108126,35000,3583.33,9.767450946465997
2020,2do Trimestre,Gran Santa Fe,0.4079339538482145,25446.000000000022,3800,6.69631578947369
2020,2do Trimestre,Gran Parana,0.37891964828506275,29199.99800000001,4600,6.347825652173915
2020,2do Trimestre,Posadas,0.41074699823863625,30000,4450,6.741573033707865
2020,2do Trimestre,Gran Resistencia,0.3963178814793764,20000,2100,9.523809523809524
2020,2do Trimestre,Cdro. Rivadavia - R.Tilly,0.3783345651534944,37666.67,6666.67,5.6499976750011625
2020,2do Trimestre,Gran Mendoza,0.3982260002493945,27550.00000000007,4500,6.122222222222238
2020,2do Trimestre,Corrientes,0.3830268328909199,25613.335999999967,4200,6.098413333333325
2020,2do Trimestre,Gran Cordoba,0.4083215873740187,32500,4977.78,6.529014942404044
2020,2do Trimestre,Concordia,0.3477404756712019,20000,3615.38,5.53192195564505
2020,2do Trimestre,Formosa,0.38597360267772274,22200,4100,5.414634146341464
2020,2do Trimestre,Neuquen - Plottier,0.4505646830207013,43500,5633.33,7.72189806029471
2020,2do Trimestre,S. del Estero - La Banda,0.34877618048204795,21000,4600,4.565217391304348
2020,2do Trimestre,Jujuy - Palpala,0.34311874844877366,23750,5000,4.75
2020,2do Trimestre,Rio Gallegos,0.39838782891536084,43333.33,7245.000000000001,5.981135955831608
2020,2do Trimestre,Gran Catamarca,0.35576569361921884,24933.333999999988,4500,5.5407408888888865
2020,2do Trimestre,Salta,0.440121202291607,26250,3560,7.373595505617978
2020,2do Trimestre,La Rioja,0.2951575459584319,23300,5920,3.935810810810811
2020,2do Trimestre,San Luis - El Chorrillo,0.36300326596997934,26666.67,4020.000000000002,6.633499999999996
2020,2do Trimestre,Gran San Juan,0.4235946000270019,25920.000000000004,4950,5.236363636363637
2020,2do Trimestre,Gran Tucuman - T. Viejo,0.42879347335244233,34666.67,4533.33,7.647065181665575
2020,2do Trimestre,Santa Rosa - Toay,0.4660006268140222,46350.00000000005,4925,9.411167512690366
2020,2do Trimestre,Ushuaia - Rio Grande,0.3927823073769048,40000,3916.67,10.212757265738498
2020,2do Trimestre,Ciudad de Buenos Aires,0.44898580175066627,60125,7500,8.016666666666667
2020,2do Trimestre,Partidos del GBA,0.4380361064306726,27500,3250,8.461538461538462
2020,2do Trimestre,Mar del Plata - Batan,0.4198083992344692,32600,3900,8.35897435897436
2020,2do Trimestre,Rio Cuarto,0.41252748369868186,33333.33,3750,8.888888
2020,2do Trimestre,San Nicolas - Villa Constitucion,0.4053057893787866,28950,3250,8.907692307692308
2020,2do Trimestre,Rawson - Trelew,0.43224319127349986,45000,6000,7.5
2020,2do Trimestre,Viedma - Carmen de Patagones.,0.391785473870911,35000,6000,5.833333333333333
2020,1er Trimestre,Gran La Plata,0.4601105586581582,42800.000000000065,3576.000000000001,11.968680089485474
2020,1er Trimestre,Bahia Blanca - Cerri,0.39532889288118156,47490.00000000001,6000,7.915000000000001
2020,1er Trimestre,Gran Rosario,0.41070693827651894,38000,4000,9.5
2020,1er Trimestre,Gran Santa Fe,0.417555256176513,35000,4100,8.536585365853659
2020,1er Trimestre,Gran Parana,0.3603467625341068,35750,6225,5.742971887550201
2020,1er Trimestre,Posadas,0.3920931624986679,28726.67,4750,6.04772
2020,1er Trimestre,Gran Resistencia,0.44645786565808976,30000,2800,10.714285714285714
2020,1er Trimestre,Cdro. Rivadavia - R.Tilly,0.402356999016348,50000,7600,6.578947368421052
2020,1er Trimestre,Gran Mendoza,0.4596543453152435,36250,4555.56,7.957309309942136
2020,1er Trimestre,Corrientes,0.45584529666192,30000,3308.3330000000005,9.06801098922025
2020,1er Trimestre,Gran Cordoba,0.43711451449689775,38000,4575,8.306010928961749
2020,1er Trimestre,Concordia,0.4251298344896952,30833.33,3914.29,7.877119477606412
2020,1er Trimestre,Formosa,0.37313506172711186,25625.069000000003,4571.43,5.605482092036847
2020,1er Trimestre,Neuquen - Plottier,0.4216471869337397,55000,7246.670000000002,7.5896929210244135
2020,1er Trimestre,S. del Estero - La Banda,0.40058980307037473,23750,4160,5.709134615384615
2020,1er Trimestre,Jujuy - Palpala,0.38721895231964254,30000,4295.368,6.984267704187394
2020,1er Trimestre,Rio Gallegos,0.3960560690373427,54666.67,7880,6.937394670050761
2020,1er Trimestre,Gran Catamarca,0.39755265646471116,30000,4500,6.666666666666667
2020,1er Trimestre,Salta,0.4553450601165423,30500,4000,7.625
2020,1er Trimestre,La Rioja,0.3394468851686838,28000,5050,5.544554455445544
2020,1er Trimestre,San Luis - El Chorrillo,0.38346365982167185,30666.67,5000,6.133334
2020,1er Trimestre,Gran San Juan,0.37720668079350617,30900.00000000009,5000,6.180000000000018
2020,1er Trimestre,Gran Tucuman - T. Viejo,0.4011627513117446,28500,4322.22,6.593833724336105
2020,1er Trimestre,Santa Rosa - Toay,0.5099878615348246,48000,5000,9.6
2020,1er Trimestre,Ushuaia - Rio Grande,0.4114695412423828,40000,5214.29,7.671226571594599
2020,1er Trimestre,Ciudad de Buenos Aires,0.5307702876795872,72500,10000,7.25
2020,1er Trimestre,Partidos del GBA,0.4311214840890898,35800,4250,8.423529411764706
2020,1er Trimestre,Mar del Plata - Batan,0.4159839325473058,43000,6166.67,6.972969203800431
2020,1er Trimestre,Rio Cuarto,0.41999864731988623,42000,6000,7
2020,1er Trimestre,San Nicolas - Villa Constitucion,0.3817703022519936,35000,5487.5,6.378132118451025
2020,1er Trimestre,Rawson - Trelew,0.5181284244656297,55899.99999999998,5205,10.739673390970216
2020,1er Trimestre,Viedma - Carmen de Patagones.,0.38142822237119844,37500,5500,6.818181818181818
2019,4to Trimestre,Gran La Plata,0.4141392989394319,35850,3750,9.56
2019,4to Trimestre,Bahia Blanca - Cerri,0.380490842111044,30500,4958.133000000001,6.151509045844473
2019,4to Trimestre,Gran Rosario,0.40394389485430793,27500,4000,6.875
2019,4to Trimestre,Gran Santa Fe,0.37624216081923123,27000,4000,6.75
2019,4to Trimestre,Gran Parana,0.3650873047240566,27500,4960,5.544354838709677
2019,4to Trimestre,Posadas,0.3825000433620289,22333.33,3260.8,6.84903397939156
2019,4to Trimestre,Gran Resistencia,0.4515083120197687,22933.33,2875,7.976810434782609
2019,4to Trimestre,Cdro. Rivadavia - R.Tilly,0.42330739104590975,40000,5914.287000000001,6.763283553875555
2019,4to Trimestre,Gran Mendoza,0.42982757556700335,30000,3880,7.731958762886598
2019,4to Trimestre,Corrientes,0.4511822283128595,26000,4000,6.5
2019,4to Trimestre,Gran Cordoba,0.40271986796699366,30000,4600,6.521739130434782
2019,4to Trimestre,Concordia,0.3982362273771969,23333.33,3775,6.1810145695364245
2019,4to Trimestre,Formosa,0.3703826430948993,21000,3875,5.419354838709677
2019,4to Trimestre,Neuquen - Plottier,0.40518009301689517,40766.67000000002,6000,6.794445000000003
2019,4to Trimestre,S. del Estero - La Banda,0.387760734371966,21000,3666.67,5.72726752066589
2019,4to Trimestre,Jujuy - Palpala,0.3918926686745863,22383.330999999995,3764.9400000000014,5.945202579589578
2019,4to Trimestre,Rio Gallegos,0.3814160926460488,41825.000000000015,6000,6.970833333333336
2019,4to Trimestre,Gran Catamarca,0.3886690340103769,22142.86,3666.67,6.03895632822152
2019,4to Trimestre,Salta,0.43304546035744806,23000,3500,6.571428571428571
2019,4to Trimestre,La Rioja,0.3383223708171954,19500,4125,4.7272727272727275
2019,4to Trimestre,San Luis - El Chorrillo,0.3666776300876222,28500,4600,6.195652173913044
2019,4to Trimestre,Gran San Juan,0.3598568246570153,25000,4642.86,5.384612071007957
2019,4to Trimestre,Gran Tucuman - T. Viejo,0.41606663335340954,25000,3981.25,6.279434850863423
2019,4to Trimestre,Santa Rosa - Toay,0.4651769278405027,41600.00000000014,4000,10.400000000000034
2019,4to Trimestre,Ushuaia - Rio Grande,0.4292207382964648,40666.67,6633.33,6.130656849576306
2019,4to Trimestre,Ciudad de Buenos Aires,0.39331475172303954,51500,8550,6.023391812865497
2019,4to Trimestre,Partidos del GBA,0.43793392810198384,30000,3071.43,9.767437317471016
2019,4to Trimestre,Mar del Plata - Batan,0.4300689177308641,42000,4550,9.23076923076923
2019,4to Trimestre,Rio Cuarto,0.4495519411207738,35300.000000000065,5000,7.060000000000013
2019,4to Trimestre,San Nicolas - Villa Constitucion,0.3951499218621848,30000,4000,7.5
2019,4to Trimestre,Rawson - Trelew,0.46478508100145177,43000,4250,10.117647058823529
2019,4to Trimestre,Viedma - Carmen de Patagones.,0.38551807023208085,31425.00000000003,4250,7.39411764705883
2019,3er Trimestre,Gran La Plata,0.4165588938611222,35000,4500,7.777777777777778
2019,3er Trimestre,Bahia Blanca - Cerri,0.3985383882498752,32100.000000000022,4800,6.687500000000004
2019,3er Trimestre,Gran Rosario,0.42233343853609995,30000,3925,7.643312101910828
2019,3er Trimestre,Gran Santa Fe,0.383359013400991,29900,4160,7.1875
2019,3er Trimestre,Gran Parana,0.4267328963101136,32600.000000000022,4666.67,6.985709295921936
2019,3er Trimestre,Posadas,0.39184414044095206,22800,3365.6000000000013,6.774423579748037
2019,3er Trimestre,Cdro. Rivadavia - R.Tilly,0.41579615827600946,39500,4750,8.31578947368421
2019,3er Trimestre,Gran Mendoza,0.4228203947377551,28000,3500,8
2019,3er Trimestre,Corrientes,0.41690241473287415,23333.33,3228.57,7.227140808469384
2019,3er Trimestre,Gran Cordoba,0.4230371238874113,32500,4166.67,7.799993760004992
2019,3er Trimestre,Concordia,0.4057033211816474,22880,3057.14,7.484119144036583
2019,3er Trimestre,Formosa,0.4349079513071956,23250,3333.33,6.975006975006975
2019,3er Trimestre,Neuquen - Plottier,0.4039780198756091,40899.99999999998,5623,7.273697314600743
2019,3er Trimestre,S. del Estero - La Banda,0.3422516157554014,18733.33,4000,4.683332500000001
2019,3er Trimestre,Jujuy - Palpala,0.4166701321860842,25000,4040,6.188118811881188
2019,3er Trimestre,Rio Gallegos,0.37015017788414184,39612.50299999998,6400,6.189453593749997
2019,3er Trimestre,Gran Catamarca,0.41663908176190034,22500,3160.0020000000004,7.1202486580704685
2019,3er Trimestre,Salta,0.4457423928483877,25333.33,3281.745,7.719469367668726
2019,3er Trimestre,La Rioja,0.3343275017799101,20000,4114.29,4.8611060474589785
2019,3er Trimestre,San Luis - El Chorrillo,0.371318407368733,27833.33,4164,6.684277137367916
2019,3er Trimestre,Gran San Juan,0.39332842645512756,25593.334,3750,6.824889066666667
2019,3er Trimestre,Gran Tucuman - T. Viejo,0.41495528968590634,25005.334000000006,3650,6.850776438356166
2019,3er Trimestre,Santa Rosa - Toay,0.49181524278944266,45500,3900,11.666666666666666
2019,3er Trimestre,Ushuaia - Rio Grande,0.45812266370666066,40000,5400,7.407407407407407
2019,3er Trimestre,Ciudad de Buenos Aires,0.41380920297916646,60000,7000,8.571428571428571
2019,3er Trimestre,Partidos del GBA,0.4547020063027958,28333.33,3111.11,9.107145038266085
2019,3er Trimestre,Mar del Plata - Batan,0.43482345456399685,36666.67,3850,9.52381038961039
2019,3er Trimestre,Rio Cuarto,0.43206196962188415,32815.00000000003,4600,7.13369565217392
2019,3er Trimestre,San Nicolas - Villa Constitucion,0.43279237549552363,30000,3800,7.894736842105263
2019,3er Trimestre,Rawson - Trelew,0.4353284866733702,43000,4266.67,10.078117126470994
2019,3er Trimestre,Viedma - Carmen de Patagones.,0.33111682819060206,32500,6600,4.924242424242424
2019,2do Trimestre,Gran La Plata,0.4139411383994229,28899.999999999978,3763.6400000000003,7.678736542283527
2019,2do Trimestre,Bahia Blanca - Cerri,0.3781705319579771,29966.66699999999,4542.86,6.596431983376109
2019,2do Trimestre,Gran Rosario,0.3863193195196004,22666.67,3750,6.044445333333333
2019,2do Trimestre,Gran Santa Fe,0.38445698587105426,21666.67,3714.29,5.83332750000673
2019,2do Trimestre,Gran Parana,0.4199295709569242,25000,3708.5740000000005,6.741135541585525
2019,2do Trimestre,Posadas,0.42223016491024623,20000,2645.744,7.55931034899824
2019,2do Trimestre,Gran Resistencia,0.406461636529059,19325,2240,8.627232142857142
2019,2do Trimestre,Cdro. Rivadavia - R.Tilly,0.3979962741521206,31933.33,4633.33,6.892090569849331
2019,2do Trimestre,Gran Mendoza,0.40037909098435875,22666.67,3500,6.476191428571428
2019,2do Trimestre,Corrientes,0.4457987770110208,21333.33,2625,8.126982857142858
2019,2do Trimestre,Gran Cordoba,0.42276910386328836,25000,2745,9.107468123861567
2019,2do Trimestre,Concordia,0.40930683747569674,18666.67,2440,7.650274590163933
2019,2do Trimestre,Formosa,0.3763234169588259,19666.67,3150,6.243387301587301
2019,2do Trimestre,Neuquen - Plottier,0.4233147407015849,35000,5313.332,6.587203660527894
2019,2do Trimestre,S. del Estero - La Banda,0.3410457476676356,15000,3350,4.477611940298507
2019,2do Trimestre,Jujuy - Palpala,0.6358558054025423,20000,3280,6.097560975609756
2019,2do Trimestre,Rio Gallegos,0.379344667362119,30000,5000,6
2019,2do Trimestre,Gran Catamarca,0.40407609564465474,18333.33,3250,5.641024615384616
2019,2do Trimestre,Salta,0.4269269280082426,18666.67,3233.33,5.773202858972019
2019,2do Trimestre,La Rioja,0.3292968026545964,16180,3425,4.724087591240876
2019,2do Trimestre,San Luis - El Chorrillo,0.36727626131335,21750,3960,5.492424242424242
2019,2do Trimestre,Gran San Juan,0.37087042158429995,20000,3466.67,5.769225221898825
2019,2do Trimestre,Gran Tucuman - T. Viejo,0.38920322062381274,19000,3750,5.066666666666666
2019,2do Trimestre,Santa Rosa - Toay,0.554316913080271,37500,2916.665,12.857150204085832
2019,2do Trimestre,Ushuaia - Rio Grande,0.3454434282524801,35000,7000,5
2019,2do Trimestre,Ciudad de Buenos Aires,0.4096667760824175,48500,5499.998000000002,8.81818502479455
2019,2do Trimestre,Partidos del GBA,0.42524476288076585,23333.33,2714.29,8.596476426616169
2019,2do Trimestre,Mar del Plata - Batan,0.43342394805392814,28683.336000000003,3750,7.6488896
2019,2do Trimestre,Rio Cuarto,0.40440655598058584,28000,3414.29,8.200826526159172
2019,2do Trimestre,San Nicolas - Villa Constitucion,0.4181240148474785,23000,3530.8,6.514104452248782
2019,2do Trimestre,Rawson - Trelew,0.4389477916146234,35000,3433.33,10.19418465454821
2019,2do Trimestre,Viedma - Carmen de Patagones.,0.3493368557194003,27000,5666.67,4.764703079586424
2019,1er Trimestre,Gran La Plata,0.44192112568183006,28166.665,3133.33,8.989370733373121
2019,1er Trimestre,Bahia Blanca - Cerri,0.4047601604820841,28333.33,3500,8.095237142857144
2019,1er Trimestre,Gran Rosario,0.4297717815834403,24000,3214.29,7.466656711124386
2019,1er Trimestre,Gran Santa Fe,0.3991468024144069,23000,3333.33,6.9000069000069
2019,1er Trimestre,Gran Parana,0.3990789141527671,26333.33,3833.33,6.869570321365497
2019,1er Trimestre,Posadas,0.42968754161702805,23224.800000000017,2894.5,8.023769217481437
2019,1er Trimestre,Gran Resistencia,0.4258438317702371,16000,2038.750000000001,7.847946045370935
2019,1er Trimestre,Cdro. Rivadavia - R.Tilly,0.36388900432780247,30100,5900,5.101694915254237
2019,1er Trimestre,Gran Mendoza,0.4577530864975756,24500,3333.33,7.35000735000735
2019,1er Trimestre,Corrientes,0.43950045382320013,18900.000000000036,2250,8.400000000000016
2019,1er Trimestre,Gran Cordoba,0.4264373072977605,25000,3142.86,7.954538223147069
2019,1er Trimestre,Concordia,0.4311363605490328,16250,1700,9.558823529411764
2019,1er Trimestre,Formosa,0.40705290998573673,20000,2875,6.956521739130435
2019,1er Trimestre,Neuquen - Plottier,0.37906322828089856,32000,5266.666000000001,6.0759501361962185
2019,1er Trimestre,S. del Estero - La Banda,0.3631892969555679,16500,3240,5.092592592592593
2019,1er Trimestre,Jujuy - Palpala,0.4129484995583539,19250,3200,6.015625
2019,1er Trimestre,Rio Gallegos,0.40661202728281864,40000,5500,7.2727272727272725
2019,1er Trimestre,Gran Catamarca,0.39803424395103093,19833.33,2933.33,6.76137018337521
2019,1er Trimestre,Salta,0.4415242179818506,18000,2750,6.545454545454546
2019,1er Trimestre,La Rioja,0.33078276056045297,19250,3666.67,5.249995227277066
2019,1er Trimestre,San Luis - El Chorrillo,0.37158866286591774,23450.000000000102,4166.67,5.627995497603626
2019,1er Trimestre,Gran San Juan,0.3987908220614713,20000,2933.33,6.8181895661245076
2019,1er Trimestre,Gran Tucuman - T. Viejo,0.4247298277969094,20000,2800,7.142857142857143
2019,1er Trimestre,Santa Rosa - Toay,0.4965529762815777,33333.33,2875,11.594201739130435
2019,1er Trimestre,Ushuaia - Rio Grande,0.39254141259087305,33500,4000,8.375
2019,1er Trimestre,Ciudad de Buenos Aires,0.4077213785362801,45000,5625,8
2019,1er Trimestre,Partidos del GBA,0.4627926800487785,25000,3000,8.333333333333334
2019,1er Trimestre,Mar del Plata - Batan,0.43898253967824985,33000,3666.67,8.999991818189256
2019,1er Trimestre,Rio Cuarto,0.41890638758496834,27500,3554,7.7377602701181765
2019,1er Trimestre,San Nicolas - Villa Constitucion,0.4397383663469441,25360.002000000022,2750,9.221818909090917
2019,1er Trimestre,Rawson - Trelew,0.41957611896276603,29000,3574.55,8.112909317256717
2019,1er Trimestre,Viedma - Carmen de Patagones.,0.3617732200051762,23559.999999999996,4160,5.663461538461537
2018,4to Trimestre,Gran La Plata,0.40882686740849294,23333.33,3150,7.40740634920635
2018,4to Trimestre,Bahia Blanca - Cerri,0.3747069582574909,20000,3200,6.25
2018,4to Trimestre,Gran Rosario,0.40669278487837346,21500,2833.33,7.58824422146379
2018,4to Trimestre,Gran Santa Fe,0.3652281812355227,19600,3333.33,5.88000588000588
2018,4to Trimestre,Gran Parana,0.4038141725289677,23500,3000,7.833333333333333
2018,4to Trimestre,Posadas,0.387562568851024,16500,2500,6.6
2018,4to Trimestre,Gran Resistencia,0.43148877708733835,16083.330000000002,2166.67,7.423063964516978
2018,4to Trimestre,Cdro. Rivadavia - R.Tilly,0.35704004951915636,26000,4250,6.117647058823529
2018,4to Trimestre,Gran Mendoza,0.4323681793931087,22666.67,2760,8.212561594202898
2018,4to Trimestre,Corrientes,0.4486842879162509,15000,1828.5699999999997,8.203131408696414
2018,4to Trimestre,Gran Cordoba,0.42601519243777375,21710.89999999999,2800,7.753892857142854
2018,4to Trimestre,Concordia,0.4001216655241251,17000,2933.33,5.795461131205831
2018,4to Trimestre,Formosa,0.4107656680345144,16500,2666.67,6.187492265634668
2018,4to Trimestre,Neuquen - Plottier,0.40271495830822346,30000,4140,7.246376811594203
2018,4to Trimestre,S. del Estero - La Banda,0.37830700550966867,16500,2625,6.285714285714286
2018,4to Trimestre,Jujuy - Palpala,0.3920209241646262,16000,2625,6.095238095238095
2018,4to Trimestre,Rio Gallegos,0.4248093068390233,35000,4142.86,8.448270035675838
2018,4to Trimestre,Gran Catamarca,0.4210290261046339,16200,2500,6.48
2018,4to Trimestre,Salta,0.43394481703569454,17000,2500,6.8
2018,4to Trimestre,La Rioja,0.35159048176433316,15585.71,3100,5.027648387096774
2018,4to Trimestre,San Luis - El Chorrillo,0.3653358100199853,19000,3166.67,5.999993684217174
2018,4to Trimestre,Gran San Juan,0.379403072721459,16666.67,2660,6.265665413533834
2018,4to Trimestre,Gran Tucuman - T. Viejo,0.39779587152469276,15180.000000000018,2700,5.622222222222229
2018,4to Trimestre,Santa Rosa - Toay,0.42011373714379374,24000,3200,7.5
2018,4to Trimestre,Ushuaia - Rio Grande,0.39667758892963434,30000,5025,5.970149253731344
2018,4to Trimestre,Ciudad de Buenos Aires,0.398534346175893,35000,5880,5.9523809523809526
2018,4to Trimestre,Partidos del GBA,0.43563943910044145,18439.997000000025,2425,7.6041224742268145
2018,4to Trimestre,Mar del Plata - Batan,0.4470126057960897,24000,3000,8
2018,4to Trimestre,Rio Cuarto,0.39759220159072584,21666.67,3133.33,6.914902037129826
2018,4to Trimestre,San Nicolas - Villa Constitucion,0.42664013295652126,21750,2500,8.7
2018,4to Trimestre,Rawson - Trelew,0.4287924112976498,25400,3333.33,7.6200076200076206
2018,4to Trimestre,Viedma - Carmen de Patagones.,0.36553819797302367,24000,3914.29,6.131380148123926
2018,3er Trimestre,Gran La Plata,0.4221102049752119,19050.00000000001,2200,8.659090909090914
2018,3er Trimestre,Bahia Blanca - Cerri,0.38909636975134276,24833.33,3550,6.995304225352113
2018,3er Trimestre,Gran Rosario,0.37146382231924235,20000,3000,6.666666666666667
2018,3er Trimestre,Gran Santa Fe,0.39076498594346276,20000,2983.33,6.70391810493643
2018,3er Trimestre,Gran Parana,0.4186260392247618,22600.000000000022,2800,8.07142857142858
2018,3er Trimestre,Posadas,0.3841539588817682,16666.67,2669.628,6.243068322627721
2018,3er Trimestre,Gran Resistencia,0.39257302359237656,15333.33,1800,8.518516666666667
2018,3er Trimestre,Cdro. Rivadavia - R.Tilly,0.3947746824003957,28000,4000,7
2018,3er Trimestre,Gran Mendoza,0.39264320312122436,20000,3050,6.557377049180328
2018,3er Trimestre,Corrientes,0.3964094107798246,11037.50000000001,1800,6.131944444444449
2018,3er Trimestre,Gran Cordoba,0.4242046956395029,20470.00000000003,2574.9990000000007,7.949517650298126
2018,3er Trimestre,Concordia,0.41362353217226655,17714.29,2237.5,7.917001117318436
2018,3er Trimestre,Formosa,0.3879216892510158,15750,2600,6.0576923076923075
2018,3er Trimestre,Neuquen - Plottier,0.41615020739328656,31500,3750,8.4
2018,3er Trimestre,S. del Estero - La Banda,0.4077087622200679,11920,1925,6.1922077922077925
2018,3er Trimestre,Jujuy - Palpala,0.41846927582349736,17000,2240,7.589285714285714
2018,3er Trimestre,Rio Gallegos,0.36885811581103667,32724.999999999993,5000,6.544999999999998
2018,3er Trimestre,Gran Catamarca,0.447902877348497,18400,2477.5,7.426841574167508
2018,3er Trimestre,Salta,0.42016121269898576,16440.000000000007,2450,6.710204081632656
2018,3er Trimestre,La Rioja,0.36156884186709703,15600,2750,5.672727272727273
2018,3er Trimestre,San Luis - El Chorrillo,0.3631017836474939,18333.33,3442.8599999999997,5.325029190847146
2018,3er Trimestre,Gran San Juan,0.4231704327823991,19045.000000000004,2588.89,7.356434610972272
2018,3er Trimestre,Gran Tucuman - T. Viejo,0.40867335400992033,16666.67,2750,6.060607272727272
2018,3er Trimestre,Santa Rosa - Toay,0.4438768155284549,25500,2625,9.714285714285714
2018,3er Trimestre,Ushuaia - Rio Grande,0.368304150650431,30000,5747.781000000001,5.21940554102531
2018,3er Trimestre,Ciudad de Buenos Aires,0.4940238935344041,36200,5000,7.24
2018,3er Trimestre,Partidos del GBA,0.4193745072886941,20000,2500,8
2018,3er Trimestre,Mar del Plata - Batan,0.4314627744599022,24000,3000,8
2018,3er Trimestre,Rio Cuarto,0.40813232026061996,23700,3000,7.9
2018,3er Trimestre,San Nicolas - Villa Constitucion,0.3914945251451627,21750,3113.335,6.986077630579427
2018,3er Trimestre,Rawson - Trelew,0.42578926295311703,27900.000000000036,3530,7.903682719546753
2018,3er Trimestre,Viedma - Carmen de Patagones.,0.372570763722365,23333.33,3065,7.612831973898858
2018,2do Trimestre,Gran La Plata,0.4205401829770494,17000,2131.668000000001,7.974975465222536
2018,2do Trimestre,Bahia Blanca - Cerri,0.38325145251099,22000,3334.9970000000003,6.596707583245202
2018,2do Trimestre,Gran Rosario,0.38003019224913714,18000,2500,7.2
2018,2do Trimestre,Gran Santa Fe,0.3715280963684222,15333.33,2433.33,6.301377125174144
2018,2do Trimestre,Gran Parana,0.4324434609279706,17290.003000000004,2000,8.645001500000003
2018,2do Trimestre,Posadas,0.3946463139433831,15000,2349,6.385696040868455
2018,2do Trimestre,Gran Resistencia,0.38907460703904917,13000,1866.67,6.964273278083431
2018,2do Trimestre,Cdro. Rivadavia - R.Tilly,0.3557290677570961,23333.33,4500,5.185184444444445
2018,2do Trimestre,Gran Mendoza,0.3896091852329846,16066.669999999998,2700,5.950618518518518
2018,2do Trimestre,Corrientes,0.38734190393736867,12066.666000000016,1880,6.418439361702136
2018,2do Trimestre,Gran Cordoba,0.435935793779322,19500,2714.29,7.184199182843396
2018,2do Trimestre,Concordia,0.40816979885420324,15820.000000000027,2200,7.190909090909103
2018,2do Trimestre,Formosa,0.36074847103338925,13229.999999999996,3000,4.409999999999998
2018,2do Trimestre,Neuquen - Plottier,0.3976489895944155,22500,3333.33,6.75000675000675
2018,2do Trimestre,S. del Estero - La Banda,0.3887353520362353,9833.33,1800,5.462961111111111
2018,2do Trimestre,Jujuy - Palpala,0.4138411620702982,14500,2200,6.590909090909091
2018,2do Trimestre,Rio Gallegos,0.3797752380743873,23949.99999999999,3606.287000000003,6.641179695348698
2018,2do Trimestre,Gran Catamarca,0.39822380694585036,14600,2400,6.083333333333333
2018,2do Trimestre,Salta,0.4135425769658241,15000,2450,6.122448979591836
2018,2do Trimestre,La Rioja,0.36721225490168763,13333.33,2546.67,5.235593932468674
2018,2do Trimestre,San Luis - El Chorrillo,0.35290389089749397,16000,3600,4.444444444444445
2018,2do Trimestre,Gran San Juan,0.3880116766495689,14333.33,2440,5.874315573770492
2018,2do Trimestre,Gran Tucuman - T. Viejo,0.3970300703108478,15261.669000000005,2512.0000000000005,6.075505175159237
2018,2do Trimestre,Santa Rosa - Toay,0.4164459173839816,22666.67,2680,8.457712686567163
2018,2do Trimestre,Ushuaia - Rio Grande,0.34506081818426537,30000,6000,5
2018,2do Trimestre,Ciudad de Buenos Aires,0.4116879806488214,31500,4000,7.875
2018,2do Trimestre,Partidos del GBA,0.4067231393687507,16000,2248,7.117437722419929
2018,2do Trimestre,Mar del Plata - Batan,0.3995481427045888,18750,1975,9.49367088607595
2018,2do Trimestre,Rio Cuarto,0.4056430757654539,19733.33200000009,2700,7.308641481481515
2018,2do Trimestre,San Nicolas - Villa Constitucion,0.4057708783104772,18750,3000,6.25
2018,2do Trimestre,Rawson - Trelew,0.41072000649882057,24666.67,3650,6.757991780821917
2018,2do Trimestre,Viedma - Carmen de Patagones.,0.3257552160666535,16333.33,3870.478,4.219977480817614
2018,1er Trimestre,Gran La Plata,0.4500066335154429,21500,2266.88,9.48440146809712
2018,1er Trimestre,Bahia Blanca - Cerri,0.3945542161631579,24666.67,3000,8.222223333333332
2018,1er Trimestre,Gran Rosario,0.37629715790296814,18250,2420,7.541322314049586
2018,1er Trimestre,Gran Santa Fe,0.39558896031104496,19000,2857.14,6.650006650006651
2018,1er Trimestre,Gran Parana,0.4012192233857377,20010.000000000004,2600,7.696153846153847
2018,1er Trimestre,Posadas,0.4258238383841899,15675,2171.5,7.218512548929311
2018,1er Trimestre,Gran Resistencia,0.3919374855192359,14500,2250,6.444444444444445
2018,1er Trimestre,Cdro. Rivadavia - R.Tilly,0.35787693522618724,23100.000000000022,4000,5.775000000000006
2018,1er Trimestre,Gran Mendoza,0.4120177189158767,19239.998999999996,2800,6.871428214285713
2018,1er Trimestre,Corrientes,0.4393839171388265,13200,1880,7.0212765957446805
2018,1er Trimestre,Gran Cordoba,0.4421345922177693,20250,2120,9.55188679245283
2018,1er Trimestre,Concordia,0.43146176228697186,17500,2175,8.045977011494253
2018,1er Trimestre,Formosa,0.36455290266917473,15750,2850,5.526315789473684
2018,1er Trimestre,Neuquen - Plottier,0.37879904970756684,20000,3085.71,6.481490483551598
2018,1er Trimestre,S. del Estero - La Banda,0.3827977655756172,10550,1800,5.861111111111111
2018,1er Trimestre,Jujuy - Palpala,0.40212510278911395,14000,2363.64,5.923067810664907
2018,1er Trimestre,Rio Gallegos,0.40634539470573827,30000,3500,8.571428571428571
2018,1er Trimestre,Gran Catamarca,0.3950758059965551,15466.67,2410,6.417705394190872
2018,1er Trimestre,Salta,0.4377072866064964,16800,2142.86,7.839989546680604
2018,1er Trimestre,La Rioja,0.35643419660630116,13950,2740,5.091240875912408
2018,1er Trimestre,San Luis - El Chorrillo,0.3737849068314745,18500,3500,5.285714285714286
2018,1er Trimestre,Gran San Juan,0.3854220742202301,14875,2625,5.666666666666667
2018,1er Trimestre,Gran Tucuman - T. Viejo,0.40575475978215536,15583.33,2500,6.233332
2018,1er Trimestre,Santa Rosa - Toay,0.4502268980498343,23000,2714.29,8.473670831046057
2018,1er Trimestre,Ushuaia - Rio Grande,0.344630133371993,28575.00000000002,5000,5.715000000000003
2018,1er Trimestre,Ciudad de Buenos Aires,0.40697130837554596,35000,4858.335,7.204114166684677
2018,1er Trimestre,Partidos del GBA,0.4376765570502812,18533.33,2400,7.722220833333334
2018,1er Trimestre,Mar del Plata - Batan,0.4074292433723201,20000,3000,6.666666666666667
2018,1er Trimestre,Rio Cuarto,0.43151089424009115,21150.003000000015,2300,9.195653478260876
2018,1er Trimestre,San Nicolas - Villa Constitucion,0.4261168312242489,20000,2144.44,9.326444199884351
2018,1er Trimestre,Rawson - Trelew,0.43010619067479183,25000,3257.14,7.675445329338008
2018,1er Trimestre,Viedma - Carmen de Patagones.,0.35841857654395426,19250,3500,5.5
2017,4to Trimestre,Gran La Plata,0.4524699763401401,21000,2666.67,7.874990156262305
2017,4to Trimestre,Bahia Blanca - Cerri,0.37695003713241704,18600.000000000022,3133.33,5.936176527847377
2017,4to Trimestre,Gran Rosario,0.3563193745802664,17333.33,2880,6.018517361111112
2017,4to Trimestre,Gran Santa Fe,0.37560704220112484,15000,2257.14,6.645578032377257
2017,4to Trimestre,Gran Parana,0.36126773419647407,16000,2944.000000000001,5.4347826086956506
2017,4to Trimestre,Posadas,0.3828623112322589,13100,2084.67,6.283968205999031
2017,4to Trimestre,Gran Resistencia,0.4036860481982103,10000,1500,6.666666666666667
2017,4to Trimestre,Cdro. Rivadavia - R.Tilly,0.33530677499459216,18550,4000,4.6375
2017,4to Trimestre,Gran Mendoza,0.3947432056229445,14500,2500,5.8
2017,4to Trimestre,Corrientes,0.3919472602525502,10500,1775,5.915492957746479
2017,4to Trimestre,Gran Cordoba,0.478364216704108,16660.002,2104.76,7.915392728862197
2017,4to Trimestre,Concordia,0.42581392494793135,15000,2300,6.521739130434782
2017,4to Trimestre,Formosa,0.34592017957965027,12000,2333.33,5.142864489806414
2017,4to Trimestre,Neuquen - Plottier,0.38619622882700355,20000,3243,6.167129201356769
2017,4to Trimestre,S. del Estero - La Banda,0.38943318802512294,10666.67,1865.4260000000008,5.718087986336631
2017,4to Trimestre,Jujuy - Palpala,0.4005193862404326,13333.33,2100,6.349204761904762
2017,4to Trimestre,Rio Gallegos,0.36274492255773794,24099.999000000025,4199.997000000001,5.738099098642218
2017,4to Trimestre,Gran Catamarca,0.4030385933191951,13075,1866.67,7.004451777764682
2017,4to Trimestre,Salta,0.4157698632972142,13300,2175,6.114942528735632
2017,4to Trimestre,La Rioja,0.3414571442295937,12480,2750,4.538181818181818
2017,4to Trimestre,San Luis - El Chorrillo,0.3391076411693916,14500,3085.71,4.699080600574908
2017,4to Trimestre,Gran San Juan,0.36758048574375835,13570.000000000004,2700,5.025925925925927
2017,4to Trimestre,Gran Tucuman - T. Viejo,0.3773794538619768,12100,2200,5.5
2017,4to Trimestre,Santa Rosa - Toay,0.4506226563162272,19150.000000000036,2025,9.456790123456807
2017,4to Trimestre,Ushuaia - Rio Grande,0.3726391164639722,30000,4500,6.666666666666667
2017,4to Trimestre,Ciudad de Buenos Aires,0.37464477254172834,26000,4823.331,5.390465634641288
2017,4to Trimestre,Partidos del GBA,0.40703545970313826,14525,2200,6.6022727272727275
2017,4to Trimestre,Mar del Plata - Batan,0.4332965957665067,18840.00000000001,3142.86,5.9945400049636355
2017,4to Trimestre,Rio Cuarto,0.39614320984259166,16199.999999999989,2066.67,7.838697034359616
2017,4to Trimestre,San Nicolas - Villa Constitucion,0.3743594381298294,18333.33,2733.33,6.707324033321993
2017,4to Trimestre,Rawson - Trelew,0.43191798616126675,23666.67,2853.336000000001,8.29438593982622
2017,4to Trimestre,Viedma - Carmen de Patagones.,0.36664828067333133,16500,2864.29,5.760589884404163
2017,3er Trimestre,Gran La Plata,0.393448320160644,17333.33,2400,7.222220833333334
2017,3er Trimestre,Bahia Blanca - Cerri,0.37583407545849923,18000,2960,6.081081081081081
2017,3er Trimestre,Gran Rosario,0.4306367202863157,17250,2266.67,7.61028292605452
2017,3er Trimestre,Gran Santa Fe,0.37378307450399006,15000,2500,6
2017,3er Trimestre,Gran Parana,0.3933185741681484,18673.336,2675,6.980686355140187
2017,3er Trimestre,Posadas,0.4055415421776729,14299.199999999988,2205.67,6.482928089877446
2017,3er Trimestre,Gran Resistencia,0.369818516433952,9800,1600,6.125
2017,3er Trimestre,Cdro. Rivadavia - R.Tilly,0.355289866978751,20474.999999999996,3442.8600000000006,5.947090500339832
2017,3er Trimestre,Gran Mendoza,0.40093657352537093,14479.999999999996,2000,7.239999999999998
2017,3er Trimestre,Corrientes,0.40988065741078117,10496.667,1300,8.07435923076923
2017,3er Trimestre,Gran Cordoba,0.43036754480425543,16850,2080,8.100961538461538
2017,3er Trimestre,Concordia,0.4299387162939752,14300,2100,6.809523809523809
2017,3er Trimestre,Formosa,0.36924903588453617,13100,2188.000000000001,5.987202925045701
2017,3er Trimestre,Neuquen - Plottier,0.40305551750128643,20100.000000000022,2949.336000000001,6.815093295575687
2017,3er Trimestre,S. del Estero - La Banda,0.44758266777586186,11333.33,1500,7.555553333333333
2017,3er Trimestre,Jujuy - Palpala,0.3926256671161923,14000,2000,7
2017,3er Trimestre,Rio Gallegos,0.39554107012645545,22000,3194.4449999999997,6.88695532400777
2017,3er Trimestre,Gran Catamarca,0.4369065931806517,15400.000000000033,1911.11,8.058144219851307
2017,3er Trimestre,Salta,0.4341214534814526,13750,2187.5,6.285714285714286
2017,3er Trimestre,La Rioja,0.3405594977679698,10900,2376,4.587542087542087
2017,3er Trimestre,San Luis - El Chorrillo,0.3839261728972474,15000,2260,6.6371681415929205
2017,3er Trimestre,Gran San Juan,0.4204341809147536,13833.330000000002,1825,7.579906849315069
2017,3er Trimestre,Gran Tucuman - T. Viejo,0.374887006145741,13000,2100,6.190476190476191
2017,3er Trimestre,Santa Rosa - Toay,0.46045188893771183,18650.000000000033,2233.33,8.350758732475734
2017,3er Trimestre,Ushuaia - Rio Grande,0.37984117929630656,29500,4000,7.375
2017,3er Trimestre,Ciudad de Buenos Aires,0.4082165855346034,30000,4000,7.5
2017,3er Trimestre,Partidos del GBA,0.4153468096110373,16000,2000,8
2017,3er Trimestre,Mar del Plata - Batan,0.4290183514652739,18000,2216.67,8.120288540919487
2017,3er Trimestre,Rio Cuarto,0.4076664047756253,17000,2475,6.8686868686868685
2017,3er Trimestre,San Nicolas - Villa Constitucion,0.41398610812584025,16940.99999999999,2166.67,7.818911047829152
2017,3er Trimestre,Rawson - Trelew,0.4198909397716193,21000,2725,7.706422018348624
2017,3er Trimestre,Viedma - Carmen de Patagones.,0.36657359914738663,16300,2500,6.52
2017,2do Trimestre,Gran La Plata,0.4234619695914432,14599.999999999993,1873.3320000000003,7.793599853095976
2017,2do Trimestre,Bahia Blanca - Cerri,0.36226652394660164,15666.670000000002,2700,5.802470370370371
2017,2do Trimestre,Gran Rosario,0.4107323843088295,15000,1716.67,8.737847110976483
2017,2do Trimestre,Gran Santa Fe,0.3689429653783236,13500,2400,5.625
2017,2do Trimestre,Gran Parana,0.4139353839893545,15000,2003.75,7.485963817841547
2017,2do Trimestre,Posadas,0.39801106853946067,12305,1997.7,6.159583521049206
2017,2do Trimestre,Gran Resistencia,0.34544511757252394,9933.33,1666.67,5.959986080027839
2017,2do Trimestre,Cdro. Rivadavia - R.Tilly,0.34904732401372485,16000,3285.71,4.8695715690063945
2017,2do Trimestre,Gran Mendoza,0.3992213846563004,11600,1800,6.444444444444445
2017,2do Trimestre,Corrientes,0.40723796496263276,8500,1428.57,5.95000595000595
2017,2do Trimestre,Gran Cordoba,0.41043974313487297,13150,1775,7.408450704225352
2017,2do Trimestre,Concordia,0.402754580378371,11479.699999999999,1779.9990000000012,6.449273286108583
2017,2do Trimestre,Formosa,0.36419537636919586,10000,2000,5
2017,2do Trimestre,Neuquen - Plottier,0.38663358084502875,16050.000000000011,2500,6.420000000000004
2017,2do Trimestre,S. del Estero - La Banda,0.4217637649682615,7750,1250,6.2
2017,2do Trimestre,Jujuy - Palpala,0.3641625082278779,10833.33,2333.33,4.6428623469462105
2017,2do Trimestre,Rio Gallegos,0.361624304294196,22000,3800,5.7894736842105265
2017,2do Trimestre,Gran Catamarca,0.40728553643776877,12259.997000000003,1833.33,6.68728324960591
2017,2do Trimestre,Salta,0.43013496483706604,12000,1760,6.818181818181818
2017,2do Trimestre,La Rioja,0.32071593485216,9125,2083.33,4.380007008011213
2017,2do Trimestre,San Luis - El Chorrillo,0.3968664748273909,13560.000000000015,2500,5.424000000000006
2017,2do Trimestre,Gran San Juan,0.33758930919731256,12000,2475.56,4.847388065730582
2017,2do Trimestre,Gran Tucuman - T. Viejo,0.3502977013247346,10000,2016.67,4.958669489802496
2017,2do Trimestre,Santa Rosa - Toay,0.43785736421695276,19500,2400,8.125
2017,2do Trimestre,Ushuaia - Rio Grande,0.3891816391270595,25000,4000,6.25
2017,2do Trimestre,Ciudad de Buenos Aires,0.4116931253144571,25000,3284.497,7.611515553218651
2017,2do Trimestre,Partidos del GBA,0.42718309956126177,13500,1640,8.231707317073171
2017,2do Trimestre,Mar del Plata - Batan,0.4263725283113331,16650.002999999993,1725,9.65217565217391
2017,2do Trimestre,Rio Cuarto,0.42099220612132626,15775,2000,7.8875
2017,2do Trimestre,San Nicolas - Villa Constitucion,0.40067433009946285,13750,1750,7.857142857142857
2017,2do Trimestre,Rawson - Trelew,0.43196713918169394,21433.332000000024,2371.43,9.038146603526153
2017,2do Trimestre,Viedma - Carmen de Patagones.,0.3656662421985004,13166.665,2100,6.269840476190477
2017,1er Trimestre,Gran La Plata,0.38045992488052605,12150,2080,5.841346153846154
2017,1er Trimestre,Bahia Blanca - Cerri,0.43955961740559246,17000,1800,9.444444444444445
2017,1er Trimestre,Gran Rosario,0.43415211927077735,15000,1628.57,9.21053439520561
2017,1er Trimestre,Gran Santa Fe,0.38910143594529245,15000,2304.7660000000005,6.508252898558898
2017,1er Trimestre,Gran Parana,0.4197382791389259,14000,1973.5,7.0939954395743605
2017,1er Trimestre,Posadas,0.4206761337835587,12333.33,1693.33,7.2834769359782205
2017,1er Trimestre,Gran Resistencia,0.3872527209130965,9000,1400,6.428571428571429
2017,1er Trimestre,Cdro. Rivadavia - R.Tilly,0.38430581322938906,18666.67,3400,5.4901970588235285
2017,1er Trimestre,Gran Mendoza,0.41372446852454914,12500,1985,6.297229219143577
2017,1er Trimestre,Corrientes,0.43742059647894393,10000,1316.0000000000002,7.598784194528874
2017,1er Trimestre,Gran Cordoba,0.4524314799121498,15000,1333.33,11.250028125070314
2017,1er Trimestre,Concordia,0.44557330263830863,12253.335999999998,1480,8.279281081081079
2017,1er Trimestre,Formosa,0.34107844977569357,9000,1968.574,4.57183727916756
2017,1er Trimestre,Neuquen - Plottier,0.3473195845839001,15000,2775,5.405405405405405
2017,1er Trimestre,S. del Estero - La Banda,0.39560515666642004,7500,1085.71,6.9079220049552825
2017,1er Trimestre,Jujuy - Palpala,0.4181903494957169,12000,1840,6.521739130434782
2017,1er Trimestre,Rio Gallegos,0.3692955152845343,21400.000000000033,4330,4.942263279445735
2017,1er Trimestre,Gran Catamarca,0.43171668883462644,12750,1667.14,7.647828016843216
2017,1er Trimestre,Salta,0.4126277617882579,12075,1800,6.708333333333333
2017,1er Trimestre,La Rioja,0.375488703620249,11479.997999999992,1883.33,6.095584947937957
2017,1er Trimestre,San Luis - El Chorrillo,0.3722779084637864,12500,2140,5.841121495327103
2017,1er Trimestre,Gran San Juan,0.3840154627377501,11400,1720,6.627906976744186
2017,1er Trimestre,Gran Tucuman - T. Viejo,0.39200996102152885,11300,2083.33,5.424008678413886
2017,1er Trimestre,Santa Rosa - Toay,0.4872789533810362,20000,1725,11.594202898550725
2017,1er Trimestre,Ushuaia - Rio Grande,0.36147594324688725,25000,4418.18,5.658438542567301
2017,1er Trimestre,Ciudad de Buenos Aires,0.39776810229233206,25000,3297.14,7.582328927494738
2017,1er Trimestre,Partidos del GBA,0.43285615515469544,13166.67,1525,8.633881967213116
2017,1er Trimestre,Mar del Plata - Batan,0.4032501630599654,15119.999999999995,2066.67,7.316117232068978
2017,1er Trimestre,Rio Cuarto,0.4479287009304187,15500,1666.67,9.299981400037199
2017,1er Trimestre,San Nicolas - Villa Constitucion,0.4051240453066214,15000,2000,7.5
2017,1er Trimestre,Rawson - Trelew,0.43023088185111646,21800,2750,7.927272727272728
2017,1er Trimestre,Viedma - Carmen de Patagones.,0.3819639553871639,13500,2008,6.723107569721115
