ANO4,TRIMESTRE,PROVINCIA,label_provincia,total_indigentes,total_pobres_no_ind,total_poblacion,tasa_pobreza,tasa_indigencia
2025,1,Buenos Aires,Buenos Aires,1291485,3868920,15220171,0.33905039568872125,0.08485351445788618
2025,1,Catamarca,Catamarca,26106,51952,233927,0.3336852949851877,0.1115989176110496
2025,1,Chaco,Chaco,59299,156781,426353,0.5068100846012576,0.13908427992766556
2025,1,Chubut,Chubut,15368,96761,409872,0.2735707733145958,0.037494632470624976
2025,1,Ciudad Autónoma de Buenos Aires,CABA,142639,388259,3005626,0.17663475096369274,0.047457335011075893
2025,1,Corrientes,Corrientes,15264,107311,393333,0.3116316200267966,0.038806812548146226
2025,1,Córdoba,Córdoba,87556,475598,1790550,0.31451453464019435,0.04889894166596856
2025,1,Entre Ríos,Entre Ríos,37573,132974,453442,0.3761164603190706,0.08286175519691603
2025,1,Formosa,Formosa,8493,67179,264741,0.2858340793454735,0.03208041066551837
2025,1,Jujuy,Jujuy,10771,93188,361720,0.2874018577905562,0.029777175716023445
2025,1,La Pampa,La Pampa,11402,25537,133191,0.27733855891163817,0.08560638481579086
2025,1,La Rioja,La Rioja,7603,62888,238697,0.295315818799566,0.031852097010016886
2025,1,Mendoza,Mendoza,42161,324382,1061488,0.3453105451969311,0.03971877213873355
2025,1,Misiones,Misiones,23635,108463,392148,0.33685751297979333,0.060270612115833816
2025,1,Neuquén,Neuquén,12293,69550,325139,0.2517169579779725,0.03780844500352157
2025,1,Río Negro,Río Negro,2050,20204,86425,0.2574949378073474,0.023719988429273937
2025,1,Salta,Salta,32486,161855,670379,0.28989720740058983,0.04845915519430054
2025,1,San Juan,San Juan,30799,186126,557458,0.38913245482170855,0.05524900530622935
2025,1,San Luis,San Luis,6352,70858,251903,0.30650686970778435,0.025216055386398734
2025,1,Santa Cruz,Santa Cruz,5368,29468,132677,0.2625624637276996,0.04045916021616407
2025,1,Santa Fe,Santa Fe,113115,451280,1911599,0.295247591152747,0.059172975085255854
2025,1,Santiago del Estero,Santiago del Estero,14680,100469,418533,0.27512525894015527,0.03507489254132888
2025,1,Tierra del Fuego,Tierra del Fuego,8694,37089,180553,0.2535709736199343,0.04815206615232093
2025,1,Tucumán,Tucumán,63761,225384,927198,0.3118481705094273,0.06876740458887962
2024,4,Buenos Aires,Buenos Aires,1364674,4743878,15180305,0.40239982002996644,0.089897666746485
2024,4,Catamarca,Catamarca,19283,83045,233404,0.4384157940737948,0.08261640760226903
2024,4,Chaco,Chaco,67438,181320,425714,0.5843312646518555,0.15841151571242665
2024,4,Chubut,Chubut,16867,134250,408415,0.3700084472901338,0.04129867903970226
2024,4,Ciudad Autónoma de Buenos Aires,CABA,76954,442499,3005655,0.17282522445190815,0.025603071543473886
2024,4,Corrientes,Corrientes,18715,109662,392641,0.32695770436607485,0.04766440590768667
2024,4,Córdoba,Córdoba,152591,491875,1787936,0.3604524994183237,0.08534477744169813
2024,4,Entre Ríos,Entre Ríos,40624,167910,452795,0.46054837177972374,0.0897183051932994
2024,4,Formosa,Formosa,16137,102335,264112,0.4485672744896105,0.06109907917853032
2024,4,Jujuy,Jujuy,35832,119118,360960,0.4292719414893617,0.0992686170212766
2024,4,La Pampa,La Pampa,8501,30134,132900,0.2907072987208427,0.06396538750940557
2024,4,La Rioja,La Rioja,12844,86141,237801,0.4162514034844261,0.05401154747036387
2024,4,Mendoza,Mendoza,33831,428510,1059595,0.43633746856110117,0.03192823673195891
2024,4,Misiones,Misiones,21998,138801,391053,0.41119490196980973,0.05625324444512637
2024,4,Neuquén,Neuquén,6036,94171,324290,0.30900428628696536,0.018612969872644856
2024,4,Río Negro,Río Negro,8431,26764,86247,0.4080721648289216,0.09775412478115181
2024,4,Salta,Salta,38644,228820,668594,0.400039485846418,0.0577989033703563
2024,4,San Juan,San Juan,27741,229962,556333,0.46321717388686273,0.04986402029000617
2024,4,San Luis,San Luis,3966,83190,251020,0.3472073938331607,0.015799537885427456
2024,4,Santa Cruz,Santa Cruz,2703,32677,132135,0.26775646119498997,0.020456351458735384
2024,4,Santa Fe,Santa Fe,100396,568233,1908683,0.3503090874702609,0.05259961973779826
2024,4,Santiago del Estero,Santiago del Estero,32165,166269,417626,0.475147620119437,0.07701867220910576
2024,4,Tierra del Fuego,Tierra del Fuego,5485,46008,179818,0.28636176578540523,0.03050306420936725
2024,4,Tucumán,Tucumán,74276,346444,925723,0.45447720322385854,0.08023566444822047
2024,3,Buenos Aires,Buenos Aires,1493547,4800488,15140281,0.41571454321092194,0.09864724439394487
2024,3,Catamarca,Catamarca,25590,83752,232848,0.4695853088710232,0.10990002061430633
2024,3,Chaco,Chaco,117491,149365,425110,0.6277339982592741,0.27637787866669805
2024,3,Chubut,Chubut,23432,112676,406997,0.33442015543112114,0.05757290594279565
2024,3,Ciudad Autónoma de Buenos Aires,CABA,64388,395862,3005571,0.1531322999855934,0.02142288437039085
2024,3,Corrientes,Corrientes,32378,127504,391943,0.4079215600227584,0.08260895079131404
2024,3,Córdoba,Córdoba,174246,452315,1785309,0.35095381247727986,0.09759991127586316
2024,3,Entre Ríos,Entre Ríos,51967,151158,452164,0.44922859847312036,0.11492953883988995
2024,3,Formosa,Formosa,23379,100965,263496,0.47190090172146826,0.08872620457236542
2024,3,Jujuy,Jujuy,35833,99263,360210,0.37504788873157324,0.09947808222981039
2024,3,La Pampa,La Pampa,18453,28146,132655,0.35127963514379407,0.1391051976932645
2024,3,La Rioja,La Rioja,13834,103459,236932,0.495049212432259,0.058388060709401855
2024,3,Mendoza,Mendoza,103235,339065,1057768,0.41814462150490467,0.09759701560266523
2024,3,Misiones,Misiones,44862,137802,389958,0.4684196759651039,0.11504315849399166
2024,3,Neuquén,Neuquén,15194,90106,323376,0.325627133739053,0.04698555242194844
2024,3,Río Negro,Río Negro,4180,27447,86023,0.36765748695116424,0.04859165571998186
2024,3,Salta,Salta,54378,229213,666771,0.42531993742979224,0.08155423676194676
2024,3,San Juan,San Juan,51612,166501,555243,0.39282440300913296,0.09295389586181185
2024,3,San Luis,San Luis,17391,94478,250194,0.4471290278743695,0.06951006019329001
2024,3,Santa Cruz,Santa Cruz,6829,35382,131551,0.32087175316037125,0.05191142598687961
2024,3,Santa Fe,Santa Fe,225234,470226,1905714,0.364934087696265,0.11818877334164518
2024,3,Santiago del Estero,Santiago del Estero,59929,144541,416857,0.49050393780121243,0.14376392863739842
2024,3,Tierra del Fuego,Tierra del Fuego,12806,50178,178971,0.35192293723564155,0.07155349190650999
2024,3,Tucumán,Tucumán,57434,272218,924341,0.356634618609366,0.06213507785546676
2024,2,Buenos Aires,Buenos Aires,2834697,5584925,15100461,0.557573838308645,0.18772254701363092
2024,2,Catamarca,Catamarca,40287,90196,232244,0.5618358278362412,0.17346842114328034
2024,2,Chaco,Chaco,165507,147213,424460,0.7367478678791877,0.3899236677189841
2024,2,Chubut,Chubut,36109,188175,405373,0.5532780920288228,0.08907598680721213
2024,2,Ciudad Autónoma de Buenos Aires,CABA,205055,405473,3005473,0.20313874055764267,0.06822719751599832
2024,2,Corrientes,Corrientes,48821,143602,391298,0.49175564403600325,0.1247668017725621
2024,2,Córdoba,Córdoba,196582,692557,1782634,0.4987782124653743,0.11027614193379011
2024,2,Entre Ríos,Entre Ríos,70010,163696,451513,0.5176063590638587,0.15505644355754983
2024,2,Formosa,Formosa,45144,132058,262827,0.6742153583916416,0.17176317501626545
2024,2,Jujuy,Jujuy,51212,157592,359345,0.5810683326608134,0.1425148534138502
2024,2,La Pampa,La Pampa,24263,32463,132307,0.42874526669034896,0.18338409910284414
2024,2,La Rioja,La Rioja,37141,117304,236056,0.6542727149489952,0.15733978378011998
2024,2,Mendoza,Mendoza,141907,419455,1055814,0.5316864523486144,0.13440530244910562
2024,2,Misiones,Misiones,66095,155393,388900,0.5695242993057341,0.16995371560812547
2024,2,Neuquén,Neuquén,32931,107263,322410,0.43483142582426104,0.10214013212989671
2024,2,Río Negro,Río Negro,7271,41310,85832,0.5660010252586448,0.0847119955261441
2024,2,Salta,Salta,93869,255222,664954,0.5249851869452624,0.14116615585438994
2024,2,San Juan,San Juan,54200,201059,554122,0.46065487383644754,0.09781239510432721
2024,2,San Luis,San Luis,26146,116976,249338,0.5740079731128027,0.10486167371198934
2024,2,Santa Cruz,Santa Cruz,10357,60943,131041,0.5441045169069223,0.07903633214032249
2024,2,Santa Fe,Santa Fe,256422,663551,1902769,0.4834916902682354,0.13476254868562607
2024,2,Santiago del Estero,Santiago del Estero,86970,150830,415945,0.5717102020699852,0.20909014412963253
2024,2,Tierra del Fuego,Tierra del Fuego,16754,69971,178186,0.4867105159776862,0.09402534430314391
2024,2,Tucumán,Tucumán,124822,350817,922907,0.515370454444489,0.13524873037044902
2024,1,Buenos Aires,Buenos Aires,3597349,5506170,15060801,0.6044511842364825,0.23885509143902772
2024,1,Catamarca,Catamarca,37780,92811,231565,0.5639496469673742,0.16315073521473453
2024,1,Chaco,Chaco,160928,175981,423759,0.7950486007376835,0.3797630256820504
2024,1,Chubut,Chubut,58895,153561,403958,0.5259358646195892,0.1457948598616688
2024,1,Ciudad Autónoma de Buenos Aires,CABA,255286,508171,3005314,0.2540356847903414,0.08494486765775557
2024,1,Corrientes,Corrientes,54812,158935,390556,0.547288993127746,0.14034351027765546
2024,1,Córdoba,Córdoba,291490,615193,1780109,0.5093412819102651,0.163748399676649
2024,1,Entre Ríos,Entre Ríos,80710,172823,450904,0.5622771144190337,0.1789959725351738
2024,1,Formosa,Formosa,61600,126537,262182,0.7175816799017476,0.2349512933763569
2024,1,Jujuy,Jujuy,68211,121852,358539,0.5301041169858788,0.19024708609105287
2024,1,La Pampa,La Pampa,20857,26947,132066,0.36197052988657186,0.15792861145184983
2024,1,La Rioja,La Rioja,33709,122857,235165,0.66577084174941,0.1433419088724938
2024,1,Mendoza,Mendoza,143418,407656,1053869,0.5229055983238904,0.13608712278281265
2024,1,Misiones,Misiones,80181,132513,387901,0.5483203188442412,0.2067048035452345
2024,1,Neuquén,Neuquén,44967,72567,321482,0.3656005623954063,0.13987408315240044
2024,1,Río Negro,Río Negro,11150,37578,85635,0.5690196765341274,0.13020377182226894
2024,1,Salta,Salta,127478,237922,663270,0.5509068705052241,0.19219623984199496
2024,1,San Juan,San Juan,103143,217738,552920,0.5803389278738335,0.18654235694132967
2024,1,San Luis,San Luis,21260,96307,248542,0.4730266916657949,0.08553886264695705
2024,1,Santa Cruz,Santa Cruz,14733,55432,130490,0.5377040386236493,0.11290520346386697
2024,1,Santa Fe,Santa Fe,388517,607087,1899934,0.5240203080738594,0.20448973490658096
2024,1,Santiago del Estero,Santiago del Estero,120000,156066,415138,0.6649981451950917,0.2890605051814096
2024,1,Tierra del Fuego,Tierra del Fuego,19843,63997,177394,0.4726202690057161,0.11185834921136002
2024,1,Tucumán,Tucumán,174736,372569,921626,0.593847178790529,0.18959534561741964
2023,4,Buenos Aires,Buenos Aires,2546159,4748053,15020351,0.4856219405258905,0.1695139481094683
2023,4,Catamarca,Catamarca,37157,85135,231097,0.5291803874563495,0.1607852979484805
2023,4,Chaco,Chaco,123669,151579,423152,0.6504707528264075,0.2922566831776761
2023,4,Chubut,Chubut,47906,149963,402463,0.4916451947135513,0.11903206008999585
2023,4,Ciudad Autónoma de Buenos Aires,CABA,181812,539241,3005126,0.23994102077583435,0.060500624599434435
2023,4,Corrientes,Corrientes,38912,137054,389825,0.45139742192009236,0.09981914961841852
2023,4,Córdoba,Córdoba,209393,530940,1777476,0.41650801473550136,0.11780355965425131
2023,4,Entre Ríos,Entre Ríos,62537,156043,450291,0.4854194287693958,0.13888130120299985
2023,4,Formosa,Formosa,42230,79956,261563,0.4671379361759882,0.16145249901553355
2023,4,Jujuy,Jujuy,61983,101893,357808,0.45799982113312165,0.1732297768635693
2023,4,La Pampa,La Pampa,27202,27667,131726,0.4165388761520125,0.2065044106706345
2023,4,La Rioja,La Rioja,23175,97619,234292,0.5155703139671862,0.09891502910897512
2023,4,Mendoza,Mendoza,171683,333573,1051902,0.48032611402963393,0.16321197221794426
2023,4,Misiones,Misiones,55837,116661,386786,0.4459778792407171,0.14436148154276526
2023,4,Neuquén,Neuquén,31000,79593,320546,0.3450144441047463,0.09670998858198199
2023,4,Río Negro,Río Negro,5470,32722,85483,0.4467788917094627,0.06398933121205386
2023,4,Salta,Salta,81593,241623,661387,0.48869421382639816,0.12336650100470678
2023,4,San Juan,San Juan,54873,231151,551843,0.5183068372707454,0.09943589028038771
2023,4,San Luis,San Luis,7502,63862,247727,0.28807517953230777,0.030283336091746157
2023,4,Santa Cruz,Santa Cruz,8249,47827,129976,0.43143349541453807,0.06346556287314581
2023,4,Santa Fe,Santa Fe,280905,550480,1896830,0.4383023254587918,0.14809181634621973
2023,4,Santiago del Estero,Santiago del Estero,69971,175956,414293,0.5936064572657516,0.16889254706210338
2023,4,Tierra del Fuego,Tierra del Fuego,4395,51387,176575,0.31591108594081835,0.024890273254990797
2023,4,Tucumán,Tucumán,123210,316297,920113,0.4776663301138012,0.1339074657134504
2023,3,Buenos Aires,Buenos Aires,1736152,4523116,14979811,0.4178469274412074,0.11589945961267469
2023,3,Catamarca,Catamarca,20258,71230,230477,0.39695067186747485,0.08789597226621311
2023,3,Chaco,Chaco,91725,189752,422507,0.6662067137349204,0.217096994842689
2023,3,Chubut,Chubut,22125,131818,400967,0.3839293507944544,0.05517910451483538
2023,3,Ciudad Autónoma de Buenos Aires,CABA,128725,431233,3004998,0.18634222052726823,0.04283696694640063
2023,3,Corrientes,Corrientes,26577,116239,389127,0.3670164239438538,0.06829903861721237
2023,3,Córdoba,Córdoba,160397,518778,1774821,0.3826723934413668,0.09037362077640505
2023,3,Entre Ríos,Entre Ríos,45618,136629,449608,0.40534643511681284,0.10146171776302913
2023,3,Formosa,Formosa,40473,67736,260905,0.4147448304938579,0.1551254287959219
2023,3,Jujuy,Jujuy,33773,107196,357055,0.3948103233395415,0.094587668566467345
2023,3,La Pampa,La Pampa,15163,27938,131472,0.3278340635268346,0.11533254229037361
2023,3,La Rioja,La Rioja,16087,103520,233392,0.5124725783231645,0.06892695550832934
2023,3,Mendoza,Mendoza,114637,335780,1050046,0.4289497793430002,0.10917331240726597
2023,3,Misiones,Misiones,24241,104142,385693,0.3328631839312614,0.06285050545381948
2023,3,Neuquén,Neuquén,14076,81731,319559,0.29981005072615696,0.044048203931042466
2023,3,Río Negro,Río Negro,6102,29298,85242,0.4152882381924404,0.07158443021045963
2023,3,Salta,Salta,49774,189367,659588,0.36256117455138664,0.07546225825818541
2023,3,San Juan,San Juan,35272,193341,550679,0.4151474815636696,0.06405183419015434
2023,3,San Luis,San Luis,23921,97016,246823,0.48997459718097586,0.09691560348914
2023,3,Santa Cruz,Santa Cruz,2275,37338,129368,0.30620400717333496,0.017585492548389092
2023,3,Santa Fe,Santa Fe,204552,462022,1893842,0.3519691716626836,0.10800901025534337
2023,3,Santiago del Estero,Santiago del Estero,48685,163188,413311,0.5126236659561444,0.1177926549257097
2023,3,Tierra del Fuego,Tierra del Fuego,9743,30064,175743,0.22650688789880677,0.05543890795081454
2023,3,Tucumán,Tucumán,82099,271667,918724,0.3850623255732951,0.0893619846656885
2023,2,Buenos Aires,Buenos Aires,1773036,5155459,14939152,0.46378100979225595,0.1186838449732622
2023,2,Catamarca,Catamarca,18128,85601,229901,0.45118985998321015,0.07885133166014936
2023,2,Chaco,Chaco,80964,169695,421864,0.5941701591034078,0.19191967079437924
2023,2,Chubut,Chubut,23338,117793,399506,0.35326378076925,0.058417145174290246
2023,2,Ciudad Autónoma de Buenos Aires,CABA,186721,364962,3004762,0.18360289433905247,0.062141693751451864
2023,2,Corrientes,Corrientes,25869,114397,388392,0.3611454406887886,0.06660538837051226
2023,2,Córdoba,Córdoba,163156,575243,1772187,0.4166597543035808,0.09206477645982054
2023,2,Entre Ríos,Entre Ríos,64104,140496,448960,0.45571988595866003,0.14278332145402708
2023,2,Formosa,Formosa,24093,59740,260248,0.32212735544557497,0.09257708032338385
2023,2,Jujuy,Jujuy,36691,129460,356192,0.46646471565897046,0.10300905129817627
2023,2,La Pampa,La Pampa,19234,29280,131151,0.36990949363710535,0.1466553819643007
2023,2,La Rioja,La Rioja,15928,85538,232489,0.4364335516949189,0.06851076825140114
2023,2,Mendoza,Mendoza,70346,389634,1048030,0.43889964981918456,0.0671221243666689
2023,2,Misiones,Misiones,28787,111360,384609,0.3643882488449308,0.07484744246754496
2023,2,Neuquén,Neuquén,17202,77620,318659,0.29756573641416056,0.053982470289557175
2023,2,Río Negro,Río Negro,6183,26735,85049,0.38704746675445917,0.07269926748109913
2023,2,Salta,Salta,39933,207862,657772,0.37671868063705966,0.06070948596170102
2023,2,San Juan,San Juan,17452,172943,549543,0.34646060453868033,0.031757296517288
2023,2,San Luis,San Luis,16642,92834,245910,0.44518726363303646,0.06767516571103249
2023,2,Santa Cruz,Santa Cruz,8337,33082,128885,0.3213640066726151,0.06468557240951235
2023,2,Santa Fe,Santa Fe,147190,554065,1890858,0.37086603013023717,0.07784296864174887
2023,2,Santiago del Estero,Santiago del Estero,28197,173024,412511,0.48779547696909903,0.06835454084860768
2023,2,Tierra del Fuego,Tierra del Fuego,7799,40626,174900,0.2768724985706118,0.04459119496855346
2023,2,Tucumán,Tucumán,85356,327449,917309,0.4500173878158832,0.09305043338722284
2023,1,Buenos Aires,Buenos Aires,1630197,4864442,14899325,0.4359015592988273,0.10941415131222387
2023,1,Catamarca,Catamarca,20317,63382,229282,0.36504828115595644,0.08861140429689204
2023,1,Chaco,Chaco,74359,169195,421181,0.5782644516253107,0.17654879968469614
2023,1,Chubut,Chubut,16838,106821,398104,0.310619838032273,0.042295480577939436
2023,1,Ciudad Autónoma de Buenos Aires,CABA,132442,392509,3004523,0.17472024677461281,0.04408087406886218
2023,1,Corrientes,Corrientes,28868,122892,387691,0.39144576479722254,0.07446136227046797
2023,1,Córdoba,Córdoba,99457,540394,1769522,0.3615953912977629,0.05620557416070555
2023,1,Entre Ríos,Entre Ríos,33865,153688,448300,0.41836493419585097,0.0755409324113317
2023,1,Formosa,Formosa,18829,76722,259608,0.3680587655234045,0.07252858155372716
2023,1,Jujuy,Jujuy,24877,109599,355418,0.37836012807454883,0.06999364128997405
2023,1,La Pampa,La Pampa,13938,28488,130863,0.3242016459961945,0.10650833314229385
2023,1,La Rioja,La Rioja,13116,68618,231640,0.3528492488343982,0.056622345018131584
2023,1,Mendoza,Mendoza,109850,320379,1046208,0.4112270217776962,0.10499824126751085
2023,1,Misiones,Misiones,27129,112595,383539,0.3643019353964004,0.07073335436552737
2023,1,Neuquén,Neuquén,19255,100077,317787,0.3755093820703805,0.06059089893545047
2023,1,Río Negro,Río Negro,4378,37208,84872,0.48998491846545383,0.051583561127344704
2023,1,Salta,Salta,46934,191216,656029,0.36301748855614613,0.07154256900228496
2023,1,San Juan,San Juan,16122,179176,548375,0.35613950307727377,0.029399589696831548
2023,1,San Luis,San Luis,21416,91060,245082,0.45893211251744315,0.0873829983434116
2023,1,Santa Cruz,Santa Cruz,8337,29714,128312,0.29655059542365486,0.06497443730905916
2023,1,Santa Fe,Santa Fe,120370,532438,1887948,0.3457764726570859,0.06375705263068686
2023,1,Santiago del Estero,Santiago del Estero,37513,145846,411691,0.4453801516185683,0.09111931035655382
2023,1,Tierra del Fuego,Tierra del Fuego,3105,38570,174036,0.23946195040106644,0.017841136316624148
2023,1,Tucumán,Tucumán,80960,275404,915950,0.38906490528959004,0.08838910420874502
2022,4,Buenos Aires,Buenos Aires,1236855,5349075,14858227,0.4432514054335016,0.08324378137445336
2022,4,Catamarca,Catamarca,18797,90407,228756,0.47738201402367586,0.08217052230324014
2022,4,Chaco,Chaco,66690,171311,420554,0.5659225688021039,0.15857654427255477
2022,4,Chubut,Chubut,35530,109364,396523,0.36541133805605225,0.0896038817420427
2022,4,Ciudad Autónoma de Buenos Aires,CABA,116658,415361,3004201,0.17709167928510774,0.03883162278422782
2022,4,Corrientes,Corrientes,41625,149937,386974,0.4950255055895228,0.10756536614863015
2022,4,Córdoba,Córdoba,116936,608461,1766931,0.41054064929530354,0.06618028660994685
2022,4,Entre Ríos,Entre Ríos,45237,173257,447668,0.48807151728513093,0.10105033194242162
2022,4,Formosa,Formosa,44796,45278,259049,0.34771027875035226,0.17292481345228122
2022,4,Jujuy,Jujuy,35045,134874,354632,0.4791417582169686,0.09882074939655756
2022,4,La Pampa,La Pampa,22399,29582,130553,0.39816013419837154,0.17157016690539476
2022,4,La Rioja,La Rioja,20973,87148,230674,0.46871775752793987,0.09092051986786548
2022,4,Mendoza,Mendoza,96568,351660,1044164,0.42926973157473347,0.0924835562229688
2022,4,Misiones,Misiones,28980,129650,382430,0.41479486441963237,0.0757785738566535
2022,4,Neuquén,Neuquén,18438,101106,316798,0.3773508671140601,0.05820112500710232
2022,4,Río Negro,Río Negro,3102,28120,84575,0.36916346438072717,0.03667750517292344
2022,4,Salta,Salta,49295,239382,654138,0.4413090204207675,0.07535871635648747
2022,4,San Juan,San Juan,12534,185611,547155,0.36213687163600805,0.02290758560188612
2022,4,San Luis,San Luis,10816,94733,244274,0.43209265005690334,0.044278146671360846
2022,4,Santa Cruz,Santa Cruz,7355,44039,127733,0.4023549121996665,0.05758104796724417
2022,4,Santa Fe,Santa Fe,141651,568741,1884997,0.3768663822807145,0.07514653869475654
2022,4,Santiago del Estero,Santiago del Estero,31043,179548,410803,0.5126325757114724,0.07556663412876731
2022,4,Tierra del Fuego,Tierra del Fuego,4516,50194,173203,0.315872126926208,0.026073451383636544
2022,4,Tucumán,Tucumán,74539,376606,914419,0.4933679199579186,0.0815151478698496
2022,3,Buenos Aires,Buenos Aires,1571147,4727559,14817100,0.42509708377482774,0.10603606643675213
2022,3,Catamarca,Catamarca,9869,90322,228121,0.4392011257183688,0.043262128431841
2022,3,Chaco,Chaco,49753,167959,419950,0.5184236218597452,0.11847362781283487
2022,3,Chubut,Chubut,19319,91131,395087,0.279558679480722,0.04889809080025412
2022,3,Ciudad Autónoma de Buenos Aires,CABA,99309,355823,3003894,0.15151400149272912,0.03306008800576851
2022,3,Corrientes,Corrientes,23335,141467,386227,0.42669725316976803,0.060417837178654
2022,3,Córdoba,Córdoba,127242,545184,1764284,0.38113251608017756,0.0721210417370446
2022,3,Entre Ríos,Entre Ríos,29774,143133,446990,0.38682520861764247,0.0666099912749726
2022,3,Formosa,Formosa,25856,66982,258373,0.3593177305678225,0.10007237598355866
2022,3,Jujuy,Jujuy,28397,99950,353829,0.36273736748542373,0.08025628198932253
2022,3,La Pampa,La Pampa,13176,42913,130280,0.4305265581823764,0.10113601473748848
2022,3,La Rioja,La Rioja,9347,86991,229893,0.41905582162136296,0.04065804526453611
2022,3,Mendoza,Mendoza,50149,364263,1042263,0.39760789743087877,0.04811549484151313
2022,3,Misiones,Misiones,10376,105306,381366,0.3033359030432708,0.027207459500846954
2022,3,Neuquén,Neuquén,11264,109462,315862,0.38221121882341025,0.03566114315745484
2022,3,Río Negro,Río Negro,1744,28122,84451,0.3536488614699648,0.020651028407005247
2022,3,Salta,Salta,29280,191576,652256,0.338603247804543,0.04489034980130501
2022,3,San Juan,San Juan,12131,163343,545999,0.3213815409918333,0.022217989410237015
2022,3,San Luis,San Luis,17175,99663,243340,0.48014300978055396,0.07058025807512124
2022,3,Santa Cruz,Santa Cruz,10428,31870,127165,0.3326229701568828,0.0820036959855306
2022,3,Santa Fe,Santa Fe,100513,532302,1881997,0.3362465508712288,0.05340763029909187
2022,3,Santiago del Estero,Santiago del Estero,30483,155755,409971,0.454271155764676,0.07435403967597708
2022,3,Tierra del Fuego,Tierra del Fuego,8310,43035,172313,0.29797519629975683,0.04822619303244677
2022,3,Tucumán,Tucumán,60658,285462,912982,0.37910933621911497,0.06643942596896762
2022,2,Buenos Aires,Buenos Aires,1747360,4686764,14775794,0.43545030473489277,0.11825828107782228
2022,2,Catamarca,Catamarca,22548,76138,227473,0.43383610362548525,0.09912385206156335
2022,2,Chaco,Chaco,58983,143633,419211,0.48332701193432426,0.14070002934083314
2022,2,Chubut,Chubut,20276,97775,393526,0.299982720328517,0.051523914557106774
2022,2,Ciudad Autónoma de Buenos Aires,CABA,57152,344295,3003585,0.13365594780903486,0.0190279282923573
2022,2,Corrientes,Corrientes,34578,145293,385528,0.4665575522400448,0.08968998360689755
2022,2,Córdoba,Córdoba,166653,564644,1761425,0.4151735100841648,0.09461260059326966
2022,2,Entre Ríos,Entre Ríos,28435,157658,446390,0.4168843388068729,0.06369990367167723
2022,2,Formosa,Formosa,29178,33700,257718,0.24397985394888988,0.11321677182036179
2022,2,Jujuy,Jujuy,25403,104209,352957,0.36721753641378413,0.07197193992469338
2022,2,La Pampa,La Pampa,17618,30123,129946,0.3673910701368261,0.13557939451772275
2022,2,La Rioja,La Rioja,12403,82927,228896,0.41647735215993287,0.05418618062351461
2022,2,Mendoza,Mendoza,53593,375043,1040237,0.41205609875441845,0.05151999015608943
2022,2,Misiones,Misiones,13484,97598,380216,0.2921549855871399,0.03546405201254024
2022,2,Neuquén,Neuquén,16917,107416,314865,0.3948771695806139,0.05372778809966176
2022,2,Río Negro,Río Negro,4183,32200,84223,0.4319841373496551,0.049665768258076774
2022,2,Salta,Salta,31473,198346,650341,0.3533823025151421,0.048394611442304884
2022,2,San Juan,San Juan,16741,159407,544843,0.3233004737144462,0.03072628261719431
2022,2,San Luis,San Luis,12662,92123,242530,0.4320496433430916,0.05220797427122418
2022,2,Santa Cruz,Santa Cruz,7849,32241,126607,0.3166491584193607,0.06199499237798858
2022,2,Santa Fe,Santa Fe,87072,550934,1878783,0.3395847205345162,0.046344894540774534
2022,2,Santiago del Estero,Santiago del Estero,34402,139636,409094,0.42542300791505133,0.08409314240736848
2022,2,Tierra del Fuego,Tierra del Fuego,5369,36468,171465,0.24399731723675386,0.031312512757705656
2022,2,Tucumán,Tucumán,61593,275952,911564,0.3702921572155109,0.06756848668881175
2022,1,Buenos Aires,Buenos Aires,1513753,4017230,14735533,0.3753500467204003,0.102728079126829
2022,1,Catamarca,Catamarca,17258,62983,226911,0.3536232267276597,0.07605625112929738
2022,1,Chaco,Chaco,65954,139702,418552,0.49135113438712513,0.15757659741203003
2022,1,Chubut,Chubut,14824,95049,392035,0.2802632418023901,0.03781295037432882
2022,1,Ciudad Autónoma de Buenos Aires,CABA,163079,395170,3003171,0.1858865179505263,0.05430226916815593
2022,1,Corrientes,Corrientes,22149,96832,384801,0.30920137941429465,0.057559621726554766
2022,1,Córdoba,Córdoba,172240,480622,1758859,0.37118495570139504,0.09792712207175219
2022,1,Entre Ríos,Entre Ríos,44072,127927,445776,0.3858417680628836,0.09886579806898532
2022,1,Formosa,Formosa,14208,57380,257024,0.2785265189243028,0.055278884462151394
2022,1,Jujuy,Jujuy,15163,101149,352193,0.3302507432004611,0.04305309872711837
2022,1,La Pampa,La Pampa,14458,30119,129661,0.3437965155289563,0.11150615836681808
2022,1,La Rioja,La Rioja,7114,60360,228063,0.295856846573096,0.031193135230177627
2022,1,Mendoza,Mendoza,52004,320923,1038343,0.3591558858681572,0.05008364288101331
2022,1,Misiones,Misiones,24205,83383,379121,0.2837827500982536,0.06384505210737469
2022,1,Neuquén,Neuquén,16608,94701,313974,0.35451661602553075,0.05289609967704332
2022,1,Río Negro,Río Negro,2688,27347,84044,0.3573723287801628,0.031983246870686786
2022,1,Salta,Salta,35683,186043,648566,0.3418711434148568,0.055018301915302374
2022,1,San Juan,San Juan,16191,174391,543692,0.3505330223729612,0.0297797282284823
2022,1,San Luis,San Luis,9196,75458,241648,0.3503194729523936,0.03805535324107793
2022,1,Santa Cruz,Santa Cruz,3760,35226,126061,0.30926297586089274,0.02982682986807974
2022,1,Santa Fe,Santa Fe,97157,519883,1875947,0.3289218725262494,0.05179090880499289
2022,1,Santiago del Estero,Santiago del Estero,18428,135861,408239,0.3779379236182726,0.04514022423139386
2022,1,Tierra del Fuego,Tierra del Fuego,3952,33269,170625,0.21814505494505496,0.023161904761904762
2022,1,Tucumán,Tucumán,43138,253448,910158,0.32586210306342417,0.04739616637990327
2021,4,Buenos Aires,Buenos Aires,1687220,4040757,14694064,0.3898157106162053,0.11482323746514239
2021,4,Catamarca,Catamarca,24875,60098,226296,0.37549492699826775,0.1099224025170573
2021,4,Chaco,Chaco,86147,149157,417881,0.5630885347742539,0.20615199063848322
2021,4,Chubut,Chubut,10774,105032,390549,0.296521051135709,0.027586807289226193
2021,4,Ciudad Autónoma de Buenos Aires,CABA,28081,459682,3002723,0.16244022508902753,0.00935184497537735
2021,4,Corrientes,Corrientes,32086,80004,384010,0.29189344027499287,0.08355511575219396
2021,4,Córdoba,Córdoba,105655,613023,1756207,0.4092216919759459,0.06016090358368917
2021,4,Entre Ríos,Entre Ríos,28134,143571,445050,0.38581058308055277,0.06321536905965622
2021,4,Formosa,Formosa,18352,72828,256378,0.35564674035993726,0.07158180499106788
2021,4,Jujuy,Jujuy,16847,103542,351383,0.34261475370180117,0.04794483512292854
2021,4,La Pampa,La Pampa,11804,26749,129363,0.29802184550451055,0.09124711084313135
2021,4,La Rioja,La Rioja,9035,70636,227155,0.35073408025357133,0.03977460324448064
2021,4,Mendoza,Mendoza,87828,392135,1036323,0.46314035295945377,0.08474963886741875
2021,4,Misiones,Misiones,13374,98415,378063,0.2956888137691337,0.03537505653819602
2021,4,Neuquén,Neuquén,13016,87593,313011,0.3214232087690209,0.04158320314621531
2021,4,Río Negro,Río Negro,3488,23767,83808,0.32520761741122567,0.041618938526155023
2021,4,Salta,Salta,37634,203161,646755,0.3723125449358722,0.058188958724710284
2021,4,San Juan,San Juan,30932,184836,542509,0.3977224340978675,0.0570165656237961
2021,4,San Luis,San Luis,13668,107169,240798,0.501818951984651,0.05676126878130217
2021,4,Santa Cruz,Santa Cruz,4385,39818,125460,0.3523274350390563,0.03495137892555396
2021,4,Santa Fe,Santa Fe,127726,493748,1872909,0.33182284884102753,0.06819658616622591
2021,4,Santiago del Estero,Santiago del Estero,23316,134318,407260,0.3870598634778765,0.057250896233364434
2021,4,Tierra del Fuego,Tierra del Fuego,9282,36845,169787,0.2716756877735044,0.05466849641020809
2021,4,Tucumán,Tucumán,72993,315361,908754,0.4273477750854467,0.08032206735816294
2021,3,Buenos Aires,Buenos Aires,1412862,4799364,14652358,0.42397448929380516,0.09642557191136061
2021,3,Catamarca,Catamarca,23540,72497,225665,0.4255733055635566,0.10431391664635632
2021,3,Chaco,Chaco,79457,124022,417284,0.4876271316417596,0.19041468160772998
2021,3,Chubut,Chubut,12890,111505,389009,0.31977409263024764,0.03313548015598611
2021,3,Ciudad Autónoma de Buenos Aires,CABA,108809,401137,3002327,0.16985025282056218,0.03624155530027209
2021,3,Corrientes,Corrientes,24733,73252,383292,0.2556406082047108,0.06452782734834017
2021,3,Córdoba,Córdoba,149199,542289,1753494,0.3943486547430445,0.08508668977481532
2021,3,Entre Ríos,Entre Ríos,34565,130485,444375,0.37142053445850914,0.07778340365682138
2021,3,Formosa,Formosa,45763,101436,255705,0.575659451320858,0.1789679513501887
2021,3,Jujuy,Jujuy,27951,106191,350584,0.38262442096615934,0.07972696985601169
2021,3,La Pampa,La Pampa,23937,25103,129082,0.37991354332904664,0.18544026277869882
2021,3,La Rioja,La Rioja,6297,71011,226227,0.34172755683450695,0.02783487382142715
2021,3,Mendoza,Mendoza,55527,380789,1034359,0.42182259737673283,0.05368252221907481
2021,3,Misiones,Misiones,16219,117208,376905,0.3540069778856741,0.0430320637826508
2021,3,Neuquén,Neuquén,24707,81681,311964,0.3410265287020297,0.07919824082265903
2021,3,Río Negro,Río Negro,2231,22702,83573,0.2983379799696074,0.026695224534239528
2021,3,Salta,Salta,63109,203050,644855,0.4127423994541409,0.09786541160415907
2021,3,San Juan,San Juan,19709,167303,541287,0.3454950885574566,0.03641136772174466
2021,3,San Luis,San Luis,15380,94150,239934,0.45650053764785314,0.06410096109763519
2021,3,Santa Cruz,Santa Cruz,5402,40693,124897,0.36906410882567237,0.04325163935082508
2021,3,Santa Fe,Santa Fe,154252,499790,1869803,0.3497919299519789,0.08249639133106536
2021,3,Santiago del Estero,Santiago del Estero,11871,137230,406451,0.36683634681671345,0.02920647261293489
2021,3,Tierra del Fuego,Tierra del Fuego,6622,38017,168841,0.26438483543689034,0.03922033155453948
2021,3,Tucumán,Tucumán,73593,314556,907221,0.4278439321841095,0.08111915398783759
2021,2,Buenos Aires,Buenos Aires,1924306,4670387,14610528,0.4513658233295881,0.13170680758422967
2021,2,Catamarca,Catamarca,28459,85022,225119,0.5040933906067457,0.12641758358912397
2021,2,Chaco,Chaco,73520,133106,416618,0.49596032816632984,0.17646861153382715
2021,2,Chubut,Chubut,17379,94402,387410,0.2885341111483958,0.044859451227381844
2021,2,Ciudad Autónoma de Buenos Aires,CABA,19805,369110,3001884,0.12955697155519666,0.006597523421957677
2021,2,Corrientes,Corrientes,29386,120429,382565,0.391606655078222,0.0768130905859135
2021,2,Córdoba,Córdoba,186970,662186,1750759,0.4850216391862044,0.10679368205446894
2021,2,Entre Ríos,Entre Ríos,50613,154704,443641,0.46279987647670073,0.11408548804100613
2021,2,Formosa,Formosa,38817,89643,255083,0.5036007887628733,0.15217399826723066
2021,2,Jujuy,Jujuy,19790,143621,349819,0.4671301444461279,0.0565721130070122
2021,2,La Pampa,La Pampa,11706,42981,128746,0.42476659469032046,0.09092321314836965
2021,2,La Rioja,La Rioja,7577,77588,225322,0.37797019376714214,0.03362743096546276
2021,2,Mendoza,Mendoza,79442,391147,1032362,0.4558371966422631,0.07695168942677084
2021,2,Misiones,Misiones,25358,138914,375811,0.4371133362248577,0.06747540652083095
2021,2,Neuquén,Neuquén,24952,93952,311086,0.382222279369692,0.0802093311817311
2021,2,Río Negro,Río Negro,4285,24384,83347,0.34397158865945987,0.05141156850276555
2021,2,Salta,Salta,76604,215918,642945,0.4549720427097186,0.11914549456018789
2021,2,San Juan,San Juan,34643,164659,540116,0.3689985114308778,0.06413992549748572
2021,2,San Luis,San Luis,9183,99322,239050,0.45390085756117965,0.03841455762392805
2021,2,Santa Cruz,Santa Cruz,8729,37331,124283,0.37060579483919764,0.07023486719824916
2021,2,Santa Fe,Santa Fe,185297,589465,1866703,0.41504299291317365,0.09926431789095534
2021,2,Santiago del Estero,Santiago del Estero,23261,182108,405502,0.5064561950372625,0.057363465531612666
2021,2,Tierra del Fuego,Tierra del Fuego,9371,46846,168019,0.33458715978550047,0.05577345419268059
2021,2,Tucumán,Tucumán,103559,359737,905774,0.511491829087609,0.11433205192465229
2021,1,Buenos Aires,Buenos Aires,2030656,4212783,14569690,0.4285224325294498,0.13937537449321158
2021,1,Catamarca,Catamarca,18725,69310,224471,0.39218874598500475,0.08341834802713936
2021,1,Chaco,Chaco,71183,152964,415932,0.5389029937585952,0.1711409557331487
2021,1,Chubut,Chubut,14500,86998,385906,0.26301223614040725,0.037573916964234816
2021,1,Ciudad Autónoma de Buenos Aires,CABA,112855,329220,3001404,0.1472894018932473,0.037600736188796974
2021,1,Corrientes,Corrientes,39942,133597,381817,0.45450831157334537,0.10461032379385936
2021,1,Córdoba,Córdoba,178517,575416,1748129,0.4312799570283429,0.10211889397178354
2021,1,Entre Ríos,Entre Ríos,46812,144767,443042,0.43241724260905284,0.10566041142826188
2021,1,Formosa,Formosa,34572,75976,253952,0.43531060987903225,0.1361359627016129
2021,1,Jujuy,Jujuy,27327,106213,348905,0.3827402874708015,0.07832217938980525
2021,1,La Pampa,La Pampa,12617,27840,128461,0.31493605063015234,0.09821657935093141
2021,1,La Rioja,La Rioja,13637,63369,224485,0.3430340557275542,0.06074793416041161
2021,1,Mendoza,Mendoza,67224,381197,1030448,0.4351709159511203,0.06523764420912069
2021,1,Misiones,Misiones,24812,98311,374711,0.32858122659863204,0.06621636407791605
2021,1,Neuquén,Neuquén,35821,99910,310153,0.4376259459041183,0.11549461072438441
2021,1,Río Negro,Río Negro,3735,24537,83196,0.3398240300014424,0.04489398528775422
2021,1,Salta,Salta,64804,191812,641098,0.40027577687030685,0.10108282977017555
2021,1,San Juan,San Juan,30381,165819,538996,0.36401012252410037,0.05636590995109426
2021,1,San Luis,San Luis,13130,86502,238208,0.4182563138097797,0.055119895217624934
2021,1,Santa Cruz,Santa Cruz,5882,35103,123784,0.3311009500420087,0.047518257610030375
2021,1,Santa Fe,Santa Fe,214526,602248,1863753,0.43824154810213584,0.11510430834987254
2021,1,Santiago del Estero,Santiago del Estero,26327,173397,404643,0.49358076131305867,0.06506228947491986
2021,1,Tierra del Fuego,Tierra del Fuego,4159,59309,167155,0.37969549220783105,0.024881098381741497
2021,1,Tucumán,Tucumán,105122,252964,904333,0.39596697234315237,0.11624257878458488
2020,4,Buenos Aires,Buenos Aires,2009636,5538594,14527786,0.5195719430338525,0.1383305067957361
2020,4,Catamarca,Catamarca,17965,77167,223958,0.4247760740853196,0.08021593334464498
2020,4,Chaco,Chaco,39215,177509,415200,0.5219749518304432,0.09444845857418112
2020,4,Chubut,Chubut,24788,113010,384364,0.35850912156185283,0.06449095128576038
2020,4,Ciudad Autónoma de Buenos Aires,CABA,136290,432543,3000819,0.18955925032466137,0.045417600994928385
2020,4,Corrientes,Corrientes,40581,154780,381037,0.5127087395712228,0.10650146836134024
2020,4,Córdoba,Córdoba,122387,611186,1745344,0.4203028170950827,0.07012199314289905
2020,4,Entre Ríos,Entre Ríos,23855,178741,442428,0.45791857658195234,0.05391837767953204
2020,4,Formosa,Formosa,7985,93204,253772,0.39873981369102973,0.0314652522736945
2020,4,Jujuy,Jujuy,31943,123668,348118,0.4470064748160107,0.09175911616176124
2020,4,La Pampa,La Pampa,9166,34802,128119,0.34318094896151236,0.07154286249502416
2020,4,La Rioja,La Rioja,11488,75728,223507,0.3902159663903144,0.051398837620298246
2020,4,Mendoza,Mendoza,78139,428383,1028465,0.4925029048144565,0.07597633366230255
2020,4,Misiones,Misiones,21835,126216,373575,0.3963086394967543,0.058448772000267685
2020,4,Neuquén,Neuquén,33849,102829,309158,0.4420975682337187,0.10948770531572853
2020,4,Río Negro,Río Negro,2602,31025,82983,0.4052275767325838,0.03135581986671969
2020,4,Salta,Salta,96523,200089,639178,0.4640522671305959,0.1510111424360663
2020,4,San Juan,San Juan,31255,153530,537752,0.34362494235260865,0.05812158764634999
2020,4,San Luis,San Luis,15859,105353,237305,0.5107856977307684,0.06682960746718358
2020,4,Santa Cruz,Santa Cruz,8330,38912,123251,0.3832991213053038,0.06758565853421068
2020,4,Santa Fe,Santa Fe,148862,621920,1860695,0.4142441399584564,0.08000343957499752
2020,4,Santiago del Estero,Santiago del Estero,29490,161816,403711,0.47386868329076987,0.07304730364047549
2020,4,Tierra del Fuego,Tierra del Fuego,8057,45511,166252,0.32220965762817894,0.04846257488631716
2020,4,Tucumán,Tucumán,86427,339642,902853,0.4719140325169214,0.0957265468464966
2020,3,Buenos Aires,Buenos Aires,2169644,4432587,14485585,0.45577938343532554,0.1497795221939604
2020,3,Catamarca,Catamarca,5699,61413,223338,0.3004952135328516,0.025517377248833607
2020,3,Chaco,Chaco,45515,176269,414538,0.5350148840395814,0.10979693055883899
2020,3,Chubut,Chubut,15868,97035,382894,0.29486750902338504,0.04144227906417964
2020,3,Ciudad Autónoma de Buenos Aires,CABA,183567,255795,3000338,0.1464375013748451,0.0611821068159654
2020,3,Corrientes,Corrientes,25088,106172,380356,0.3450977505284523,0.06595925922030939
2020,3,Córdoba,Córdoba,127705,560021,1742662,0.39464107210692606,0.07328156578843172
2020,3,Entre Ríos,Entre Ríos,32897,143947,441805,0.40027613992598543,0.07446045200937065
2020,3,Formosa,Formosa,8239,83513,253107,0.36250281501499365,0.03255145057228761
2020,3,Jujuy,Jujuy,2968,107562,347380,0.3181818181818182,0.008543957625654902
2020,3,La Pampa,La Pampa,10213,32341,127877,0.33277289895759204,0.0798658085504039
2020,3,La Rioja,La Rioja,6756,60270,222667,0.30101451943934215,0.030341271944203677
2020,3,Mendoza,Mendoza,45451,352848,1026352,0.38807251313389557,0.04428402731226714
2020,3,Misiones,Misiones,20941,109644,372396,0.35066166124233344,0.056233149657891064
2020,3,Neuquén,Neuquén,35558,75791,308093,0.36141359914051924,0.11541320315618986
2020,3,Río Negro,Río Negro,5218,19472,82769,0.29830008819727194,0.06304292669960976
2020,3,Salta,Salta,37377,196791,637308,0.3674330151198479,0.05864825170874993
2020,3,San Juan,San Juan,20170,167503,536587,0.34975316211536994,0.03758943097764202
2020,3,San Luis,San Luis,6526,63657,236467,0.29679828475009196,0.027597931212389043
2020,3,Santa Cruz,Santa Cruz,8488,25251,122621,0.2751486287014459,0.0692214221055121
2020,3,Santa Fe,Santa Fe,147502,508063,1857328,0.3529613509299381,0.07941623665825315
2020,3,Santiago del Estero,Santiago del Estero,12606,114675,402901,0.3159113529129985,0.031288083176760545
2020,3,Tucumán,Tucumán,56578,304778,901389,0.40088796291057466,0.06276757315653952
2020,2,Buenos Aires,Buenos Aires,2288649,5442601,14443647,0.5352699356332926,0.15845367863116566
2020,2,Catamarca,Catamarca,20729,58606,222746,0.35616801199572606,0.09306115485799969
2020,2,Chaco,Chaco,76224,137874,413884,0.5172898686588513,0.18416754452938505
2020,2,Chubut,Chubut,30449,132117,381309,0.42633664560763057,0.07985387179426659
2020,2,Ciudad Autónoma de Buenos Aires,CABA,133184,597667,2999745,0.24363770920528244,0.044398440534112064
2020,2,Corrientes,Corrientes,42660,122282,379530,0.43459542065185885,0.1124021816457197
2020,2,Córdoba,Córdoba,163685,598962,1739881,0.43833285149961404,0.09407827316925697
2020,2,Entre Ríos,Entre Ríos,42595,175671,441126,0.49479287097110575,0.09655971309784506
2020,2,Formosa,Formosa,26664,96120,252477,0.48631756556042727,0.10560961988616785
2020,2,Jujuy,Jujuy,10078,131803,346502,0.4094666120253274,0.029084969206526947
2020,2,La Pampa,La Pampa,11293,32696,127539,0.3449062639663162,0.0885454645245768
2020,2,La Rioja,La Rioja,6679,61215,221640,0.3063255730012633,0.030134452264934126
2020,2,Mendoza,Mendoza,104876,368492,1024365,0.4621087210125297,0.10238147535302358
2020,2,Misiones,Misiones,18579,129103,371338,0.3977023628069306,0.050032584868771844
2020,2,Neuquén,Neuquén,22082,122710,307163,0.4713848998740083,0.07189016906333119
2020,2,Río Negro,Río Negro,5473,34540,82593,0.48445994212584603,0.0662646955553134
2020,2,Salta,Salta,89330,224249,635512,0.4934273467692191,0.14056382884980928
2020,2,San Juan,San Juan,30230,196382,535383,0.4232708173401098,0.05646425082604416
2020,2,San Luis,San Luis,17791,76659,235524,0.4010207027733904,0.07553794942341333
2020,2,Santa Cruz,Santa Cruz,6002,31024,122012,0.3034619545618464,0.04919188276562961
2020,2,Santa Fe,Santa Fe,275243,591909,1854447,0.46760678520335175,0.1484232226642228
2020,2,Santiago del Estero,Santiago del Estero,30323,143208,402022,0.4316455318365662,0.07542622045559695
2020,2,Tierra del Fuego,Tierra del Fuego,18708,45256,164444,0.3889713215441123,0.11376517233830362
2020,2,Tucumán,Tucumán,81082,332509,899891,0.45960121836978035,0.09010202346728659
2020,1,Buenos Aires,Buenos Aires,1510018,4029291,14402070,0.3846189471374601,0.10484728931327233
2020,1,Catamarca,Catamarca,13294,61449,222172,0.336419530813964,0.05983652305421025
2020,1,Chaco,Chaco,74703,114154,413280,0.45697106078203636,0.18075638792102205
2020,1,Chubut,Chubut,20565,100923,379694,0.31996291750725586,0.05416203574457326
2020,1,Ciudad Autónoma de Buenos Aires,CABA,88462,221567,2999151,0.10337225434798047,0.02949568061094623
2020,1,Corrientes,Corrientes,45994,97547,378841,0.37889510375065,0.12140713386354697
2020,1,Córdoba,Córdoba,116837,517241,1737047,0.3650321493891645,0.06726185301836968
2020,1,Entre Ríos,Entre Ríos,31939,121050,440365,0.3474140769588864,0.07252847070044167
2020,1,Formosa,Formosa,17644,76714,251882,0.3746119214552846,0.07004867358525024
2020,1,Jujuy,Jujuy,24617,97645,345515,0.35385439127100127,0.0712472685701055
2020,1,La Pampa,La Pampa,10474,29055,127160,0.3108603334381881,0.08236866939289085
2020,1,La Rioja,La Rioja,5486,58187,220721,0.2884773084572832,0.02485490732644379
2020,1,Mendoza,Mendoza,76935,294814,1022469,0.363579727111531,0.07524433503607444
2020,1,Misiones,Misiones,19422,120984,370261,0.37920818017560587,0.05245488992899603
2020,1,Neuquén,Neuquén,9750,74555,306132,0.2753877412358068,0.0318490063110031
2020,1,Río Negro,Río Negro,4944,26805,82452,0.3850603987774705,0.05996215980206666
2020,1,Salta,Salta,55816,204314,633576,0.41057426417667336,0.08809677134234882
2020,1,San Juan,San Juan,20490,133446,534053,0.2882410547267781,0.03836697855830788
2020,1,San Luis,San Luis,11330,80089,234665,0.38957236912193977,0.04828159290904055
2020,1,Santa Cruz,Santa Cruz,4047,26837,121497,0.2541955768455188,0.03330946443122052
2020,1,Santa Fe,Santa Fe,185618,497512,1851253,0.36900953030190903,0.10026614406566796
2020,1,Santiago del Estero,Santiago del Estero,27855,137513,401142,0.41224304610337487,0.06943925093857038
2020,1,Tierra del Fuego,Tierra del Fuego,13500,49768,163447,0.3870857219771547,0.0825955814423024
2020,1,Tucumán,Tucumán,61313,262329,898391,0.36024626248482006,0.06824756703929581
2019,4,Buenos Aires,Buenos Aires,1655750,4400848,14359092,0.42179533357680277,0.11531021599415896
2019,4,Catamarca,Catamarca,15528,75272,221326,0.4102545566268762,0.07015895104958297
2019,4,Chaco,Chaco,55511,162522,412419,0.5286686597853154,0.13459855147313776
2019,4,Chubut,Chubut,22127,101141,378162,0.32596612033996014,0.05851196048254452
2019,4,Ciudad Autónoma de Buenos Aires,CABA,40464,367909,2998461,0.136194200958425,0.013494922895445363
2019,4,Corrientes,Corrientes,17534,130629,378149,0.39181116438229374,0.04636796606628604
2019,4,Córdoba,Córdoba,100759,565425,1734543,0.38406888730922206,0.058089652432946316
2019,4,Entre Ríos,Entre Ríos,30955,146700,439696,0.40404051890397,0.0704009133583203
2019,4,Formosa,Formosa,12281,86618,251184,0.3937312886171094,0.04889244537868654
2019,4,Jujuy,Jujuy,26799,114211,344914,0.4088265480670544,0.07769762897417908
2019,4,La Pampa,La Pampa,8604,39996,126955,0.3828128076877634,0.0677720452128707
2019,4,La Rioja,La Rioja,9950,84480,219808,0.42960219828213714,0.045266778279225504
2019,4,Mendoza,Mendoza,69687,354908,1020201,0.4161875944054162,0.06830712771306831
2019,4,Misiones,Misiones,39099,125185,369025,0.4451839306280062,0.10595217126210961
2019,4,Neuquén,Neuquén,16262,77478,305274,0.30706840412219844,0.05327017695578398
2019,4,Río Negro,Río Negro,7678,26308,82218,0.41336447006738186,0.09338587657204019
2019,4,Salta,Salta,55505,246420,631547,0.4780720991470152,0.0878873623024098
2019,4,San Juan,San Juan,15432,169361,532898,0.34676992595205836,0.028958637487849458
2019,4,San Luis,San Luis,9311,76455,233698,0.3669950106547767,0.03984201833135072
2019,4,Santa Cruz,Santa Cruz,4725,30923,120921,0.2948040456165596,0.039075098618106034
2019,4,Santa Fe,Santa Fe,144774,553396,1848159,0.3777651165294761,0.07833416930036864
2019,4,Santiago del Estero,Santiago del Estero,28398,166055,400265,0.4858106504440808,0.07094799695201928
2019,4,Tierra del Fuego,Tierra del Fuego,9278,45319,162591,0.3357934941048398,0.057063429095091364
2019,4,Tucumán,Tucumán,68648,289868,896943,0.39970878862982373,0.07653552120926302
2019,3,Buenos Aires,Buenos Aires,1458295,3667181,14316663,0.3580077284769502,0.10185997952176426
2019,3,Catamarca,Catamarca,18491,67136,220954,0.38753315169673325,0.08368710229278492
2019,3,Chubut,Chubut,23216,94637,376694,0.3128613675821755,0.06163092589741275
2019,3,Ciudad Autónoma de Buenos Aires,CABA,36020,392771,2997755,0.1430373729674373,0.012015658384357628
2019,3,Corrientes,Corrientes,30297,103622,377379,0.3548660630294743,0.08028268663598133
2019,3,Córdoba,Córdoba,91102,519389,1731320,0.3526159231106901,0.052619966268511884
2019,3,Entre Ríos,Entre Ríos,33810,117594,438912,0.3449529746281715,0.07703138670166229
2019,3,Formosa,Formosa,15117,92518,250415,0.4298264880298704,0.06036778946948066
2019,3,Jujuy,Jujuy,11552,109427,344014,0.35166882743144173,0.03358002871976141
2019,3,La Pampa,La Pampa,5434,32408,126647,0.2987990240589986,0.042906661823809485
2019,3,La Rioja,La Rioja,6061,67296,218970,0.33500936201306114,0.027679590811526694
2019,3,Mendoza,Mendoza,90852,281724,1018456,0.36582434587257573,0.08920562105775802
2019,3,Misiones,Misiones,27284,108330,368026,0.36849026970920534,0.07413606647356437
2019,3,Neuquén,Neuquén,10418,68189,304207,0.2583997080935021,0.034246417735292085
2019,3,Río Negro,Río Negro,1362,18713,81967,0.24491563678065564,0.016616443202752327
2019,3,Salta,Salta,45046,224487,629768,0.42798776692369256,0.07152792774482032
2019,3,San Juan,San Juan,18801,142629,531804,0.3035516844551752,0.03535325044565291
2019,3,San Luis,San Luis,9911,71797,232910,0.3508136189944614,0.042552917435919456
2019,3,Santa Cruz,Santa Cruz,3387,25313,120376,0.23841961852861035,0.028136837907888616
2019,3,Santa Fe,Santa Fe,121278,456036,1845115,0.312887814580663,0.06572923638905977
2019,3,Santiago del Estero,Santiago del Estero,7940,156612,399323,0.4120774410690093,0.019883653082842713
2019,3,Tierra del Fuego,Tierra del Fuego,6791,40841,161737,0.294502803934783,0.04198791865806835
2019,3,Tucumán,Tucumán,59814,270942,895599,0.369312605306616,0.06678658640753284
2019,2,Buenos Aires,Buenos Aires,1349891,4250459,14273039,0.3923726404727122,0.09457628470012588
2019,2,Catamarca,Catamarca,12785,82940,220281,0.434558586532656,0.05803950408796038
2019,2,Chaco,Chaco,65998,120100,411109,0.4526731353485329,0.16053650005229755
2019,2,Chubut,Chubut,16573,125290,375089,0.37821157112045406,0.04418418028787834
2019,2,Ciudad Autónoma de Buenos Aires,CABA,189208,233315,2997227,0.14097130447577044,0.06312768435623996
2019,2,Corrientes,Corrientes,37885,120246,376552,0.41994465571820094,0.10061027427818735
2019,2,Córdoba,Córdoba,180233,460771,1728702,0.3708007510837611,0.10425914935020611
2019,2,Entre Ríos,Entre Ríos,37682,143537,438234,0.4135210869079076,0.08598602573054578
2019,2,Formosa,Formosa,18366,80797,249839,0.39690760849987394,0.07351134130379965
2019,2,Jujuy,Jujuy,22208,115332,343079,0.4008989183249339,0.06473144669303571
2019,2,La Pampa,La Pampa,13452,36372,126261,0.3946111625917742,0.1065412122508138
2019,2,La Rioja,La Rioja,8769,62104,217974,0.3251442832631415,0.04022956866415261
2019,2,Mendoza,Mendoza,66501,325222,1016211,0.38547407969407926,0.06544014973268347
2019,2,Misiones,Misiones,36416,120494,366812,0.42776681242707437,0.09927701383815142
2019,2,Neuquén,Neuquén,12498,78756,303163,0.3010063893021246,0.04122534742036462
2019,2,Río Negro,Río Negro,2304,26479,81624,0.3526291286876409,0.028226992061158484
2019,2,Salta,Salta,36075,239593,627583,0.4392534533280857,0.05748243658607706
2019,2,San Juan,San Juan,27895,119731,530580,0.27823513890459495,0.05257454106826492
2019,2,San Luis,San Luis,6813,80153,231982,0.3748825339897061,0.02936865791311395
2019,2,Santa Cruz,Santa Cruz,6617,21167,119712,0.23209035017375032,0.055274325046778934
2019,2,Santa Fe,Santa Fe,102730,618472,1841761,0.3915828383813101,0.05577813842295499
2019,2,Santiago del Estero,Santiago del Estero,8621,171773,398475,0.4527109605370475,0.02163498337411381
2019,2,Tierra del Fuego,Tierra del Fuego,3713,36307,160663,0.24909282162041044,0.023110485923952623
2019,2,Tucumán,Tucumán,37249,352663,894140,0.43607488760149415,0.04165902431386584
2019,1,Buenos Aires,Buenos Aires,1143809,4193426,14229784,0.37507491329453774,0.08038133256274305
2019,1,Catamarca,Catamarca,9792,68066,219515,0.354681912397786,0.04460743001617202
2019,1,Chaco,Chaco,62096,138067,410492,0.4876172982664705,0.15127213197821152
2019,1,Chubut,Chubut,15767,87798,373463,0.2773099343174558,0.042218372368882595
2019,1,Ciudad Autónoma de Buenos Aires,CABA,95856,306976,2996483,0.1344349358898415,0.031989502359933294
2019,1,Corrientes,Corrientes,45036,105634,375763,0.40097082469535317,0.11985214084409589
2019,1,Córdoba,Córdoba,124262,479150,1725866,0.34962853431262914,0.0719997960444206
2019,1,Entre Ríos,Entre Ríos,42038,133737,437985,0.40132652944735553,0.09598045595168785
2019,1,Formosa,Formosa,20381,81096,249089,0.4073925384099659,0.08182215995086094
2019,1,Jujuy,Jujuy,21426,87805,342314,0.31909591778308805,0.06259165561443587
2019,1,La Pampa,La Pampa,9933,32711,125977,0.33850623526516743,0.07884772617223779
2019,1,La Rioja,La Rioja,9426,50102,217013,0.2743061475579804,0.04343518591052149
2019,1,Mendoza,Mendoza,68820,292944,1014089,0.35673791945282907,0.06786386599203817
2019,1,Misiones,Misiones,21784,121112,365600,0.3908533916849015,0.05958424507658643
2019,1,Neuquén,Neuquén,8391,68282,302149,0.25375890702931336,0.027771066592972342
2019,1,Río Negro,Río Negro,3398,27499,81527,0.37897874323843633,0.04167944361990506
2019,1,Salta,Salta,50654,201422,625682,0.40288197518867414,0.08095805856649224
2019,1,San Juan,San Juan,42883,136963,529191,0.3398508289067652,0.0810350138229864
2019,1,San Luis,San Luis,3737,67412,231071,0.3079096900952521,0.016172518403434442
2019,1,Santa Cruz,Santa Cruz,2802,22061,119109,0.2087415728450411,0.023524670679797497
2019,1,Santa Fe,Santa Fe,114681,501517,1838677,0.33513118399805947,0.062371476882562844
2019,1,Santiago del Estero,Santiago del Estero,14940,159920,397332,0.44008536941399135,0.037600797318111806
2019,1,Tierra del Fuego,Tierra del Fuego,8752,30952,159849,0.24838441278957016,0.054751671890346514
2019,1,Tucumán,Tucumán,64199,271280,892480,0.37589525815704555,0.07193326461097167
2018,4,Buenos Aires,Buenos Aires,1284566,4212184,14179236,0.3876619304453357,0.09059486702950709
2018,4,Catamarca,Catamarca,15869,73112,218797,0.4066829069868417,0.0725284167516008
2018,4,Chaco,Chaco,42351,138134,387826,0.46537622542067836,0.10920103345314651
2018,4,Chubut,Chubut,12371,94158,367870,0.28958327670100853,0.03362872753961998
2018,4,Ciudad Autónoma de Buenos Aires,CABA,61863,299516,2947805,0.12259257311796404,0.02098612357330285
2018,4,Corrientes,Corrientes,55763,144274,374931,0.5335301695511975,0.1487286994140255
2018,4,Córdoba,Córdoba,151952,512683,1722948,0.38575453234804535,0.08819302729972117
2018,4,Entre Ríos,Entre Ríos,23592,103530,330433,0.38471339121697895,0.07139722727451556
2018,4,Formosa,Formosa,18723,68503,248413,0.3511329922347059,0.07537045162692774
2018,4,Jujuy,Jujuy,18924,102178,341372,0.3547508290076515,0.05543512648957735
2018,4,La Pampa,La Pampa,4042,38169,125601,0.3360721650305332,0.03218127244209839
2018,4,La Rioja,La Rioja,4041,66953,210280,0.33761651131824233,0.019217234163971846
2018,4,Mendoza,Mendoza,52043,286220,949913,0.3560989269543632,0.05478712261017588
2018,4,Misiones,Misiones,23627,122167,364399,0.4000944020153733,0.06483826794255747
2018,4,Neuquén,Neuquén,12475,82265,301184,0.31455854228644287,0.04141986294092648
2018,4,Río Negro,Río Negro,2451,29911,91027,0.35552088940643983,0.02692607687828886
2018,4,Salta,Salta,44527,228004,623717,0.43694656390638703,0.07138974887649367
2018,4,San Juan,San Juan,33631,131764,507784,0.3257192034408331,0.06623091708285413
2018,4,San Luis,San Luis,6372,75597,230018,0.35635906755123514,0.027702179829404656
2018,4,Santa Cruz,Santa Cruz,3260,24697,118515,0.2358941906087837,0.027507066616040163
2018,4,Santa Fe,Santa Fe,113108,586331,1835179,0.3811284893735162,0.061633224878881024
2018,4,Santiago del Estero,Santiago del Estero,26458,117030,387262,0.37051918339522083,0.06832067179325625
2018,4,Tierra del Fuego,Tierra del Fuego,7904,26698,158763,0.21794750666087187,0.04978489950429256
2018,4,Tucumán,Tucumán,37123,295309,890797,0.3731849119384102,0.04167391672850268
2018,3,Buenos Aires,Buenos Aires,1041369,3211376,14134781,0.30087095088349797,0.07367422247291981
2018,3,Catamarca,Catamarca,14119,52187,218264,0.30378807315911005,0.06468771762636073
2018,3,Chaco,Chaco,38504,105090,387265,0.37079002750054874,0.09942545801970228
2018,3,Chubut,Chubut,13069,76965,366406,0.24572195870154964,0.035668084037925145
2018,3,Ciudad Autónoma de Buenos Aires,CABA,87937,266450,2944686,0.12034797598114026,0.02986294633791175
2018,3,Corrientes,Corrientes,41725,112462,374254,0.411984908644931,0.1114884543652172
2018,3,Córdoba,Córdoba,102456,474745,1720103,0.3355618820500865,0.05956387495399985
2018,3,Entre Ríos,Entre Ríos,22578,71453,329940,0.2849942413772201,0.06843062374977268
2018,3,Formosa,Formosa,12871,61318,247665,0.2995538327983365,0.05196939414127955
2018,3,Jujuy,Jujuy,24711,70906,340489,0.2808225816399355,0.07257503179251018
2018,3,La Pampa,La Pampa,8003,28936,125346,0.2946962806950361,0.0638472707545514
2018,3,La Rioja,La Rioja,5897,47431,209341,0.25474226262413957,0.028169350485571388
2018,3,Mendoza,Mendoza,32678,217879,948134,0.2642632792411199,0.034465592416261834
2018,3,Misiones,Misiones,12085,104252,363148,0.3203569894368136,0.03327844294888035
2018,3,Neuquén,Neuquén,5332,68523,300173,0.24604144943082823,0.017763089951461326
2018,3,Río Negro,Río Negro,4165,19243,90693,0.2581015072828112,0.045924161732438004
2018,3,Salta,Salta,32441,156897,621718,0.30454000045036494,0.05217960554463599
2018,3,San Juan,San Juan,10690,156690,506761,0.3302937676735187,0.021094756699903898
2018,3,San Luis,San Luis,4020,59720,229099,0.2782203326945993,0.017546999332166444
2018,3,Santa Cruz,Santa Cruz,3993,13617,117797,0.14949446929887858,0.033897297893834305
2018,3,Santa Fe,Santa Fe,73497,420314,1832086,0.26953483624677005,0.040116566580389784
2018,3,Santiago del Estero,Santiago del Estero,28990,134168,386481,0.42216305588114295,0.07501015573857447
2018,3,Tierra del Fuego,Tierra del Fuego,5555,16522,157720,0.1399759066700482,0.03522064417955871
2018,3,Tucumán,Tucumán,31529,225846,889245,0.2894309217369791,0.03545592047186096
2018,2,Buenos Aires,Buenos Aires,803175,3733459,14090352,0.32196740010469577,0.0570017697215797
2018,2,Catamarca,Catamarca,7660,56390,217516,0.29446109711469504,0.03521580021699553
2018,2,Chaco,Chaco,28370,93379,386726,0.31481979489354217,0.07335943277669461
2018,2,Chubut,Chubut,9336,64294,364537,0.2019822404858766,0.02561056902317186
2018,2,Ciudad Autónoma de Buenos Aires,CABA,78867,323616,2941682,0.1368207032575241,0.026810171867659386
2018,2,Corrientes,Corrientes,20757,101417,373410,0.32718459602046007,0.05558769181328834
2018,2,Córdoba,Córdoba,72355,401734,1717145,0.27609141918708086,0.04213680265790018
2018,2,Entre Ríos,Entre Ríos,29744,73255,329682,0.3124192403588913,0.0902202728690071
2018,2,Formosa,Formosa,4075,69708,246938,0.29879159951080836,0.01650211794053568
2018,2,Jujuy,Jujuy,19053,93968,339637,0.33276998678000336,0.05609812829579816
2018,2,La Pampa,La Pampa,4867,27535,125032,0.259149657687632,0.03892603493505663
2018,2,La Rioja,La Rioja,3407,57004,208562,0.2896548748094092,0.016335669968642417
2018,2,Mendoza,Mendoza,35466,280293,946478,0.33361472744215925,0.03747155242911087
2018,2,Misiones,Misiones,14677,90893,362060,0.2915815058277634,0.04053747997569464
2018,2,Neuquén,Neuquén,11028,59837,299041,0.23697419417404303,0.03687788630990399
2018,2,Río Negro,Río Negro,1423,19259,90353,0.22890219472513365,0.015749338704857615
2018,2,Salta,Salta,23907,134688,619728,0.25591065757880876,0.03857660134768802
2018,2,San Juan,San Juan,15990,128583,505515,0.2859915136049375,0.03163110886917302
2018,2,San Luis,San Luis,5093,36164,228199,0.18079395615230567,0.022318239781944707
2018,2,Santa Cruz,Santa Cruz,3122,17228,117238,0.17357853255770314,0.02662959108821372
2018,2,Santa Fe,Santa Fe,96972,458982,1828467,0.30405470812434676,0.053034591272360945
2018,2,Santiago del Estero,Santiago del Estero,27730,158725,385529,0.4836341753798028,0.07192714426152118
2018,2,Tierra del Fuego,Tierra del Fuego,3150,13221,156772,0.10442553517209706,0.02009287372745133
2018,2,Tucumán,Tucumán,24457,227082,887728,0.283351431970153,0.027550105437701637
2018,1,Buenos Aires,Buenos Aires,889313,3212884,14048639,0.29199960223904964,0.0633024309329893
2018,1,Catamarca,Catamarca,7163,46347,216976,0.2466171373792493,0.0330128677826119
2018,1,Chaco,Chaco,18698,81059,386300,0.25823712140823196,0.04840279575459487
2018,1,Chubut,Chubut,10652,58599,363168,0.19068585337915234,0.029330778042118248
2018,1,Ciudad Autónoma de Buenos Aires,CABA,49452,196275,2938856,0.08361314742879543,0.01682695579504406
2018,1,Corrientes,Corrientes,14715,136744,372697,0.4063864211410341,0.039482475040045935
2018,1,Córdoba,Córdoba,121108,416101,1714487,0.31333512590063384,0.0706380392502247
2018,1,Entre Ríos,Entre Ríos,17648,57188,329154,0.22735862240774835,0.05361624042241626
2018,1,Formosa,Formosa,2060,45148,246194,0.19175122058214253,0.008367385070310405
2018,1,Jujuy,Jujuy,11517,83973,338856,0.28180111905942345,0.03398788866067002
2018,1,La Pampa,La Pampa,5033,28261,124667,0.26706345704958007,0.04037154980869035
2018,1,La Rioja,La Rioja,6228,33570,207771,0.19154742480904458,0.029975309355011047
2018,1,Mendoza,Mendoza,29837,184396,944795,0.22675077662350035,0.03158039574722559
2018,1,Misiones,Misiones,12119,87589,360920,0.27626066718386344,0.03357807824448631
2018,1,Neuquén,Neuquén,4692,82849,298181,0.2935834275155023,0.015735409030085752
2018,1,Río Negro,Río Negro,1529,20275,90015,0.2422262956173971,0.016986057879242348
2018,1,Salta,Salta,23713,147119,617832,0.27650235015343977,0.038380983827318756
2018,1,San Juan,San Juan,15302,94269,504454,0.21720711898408973,0.03033378662871144
2018,1,San Luis,San Luis,4036,35353,227302,0.17328928034069213,0.017756113012643973
2018,1,Santa Cruz,Santa Cruz,2570,16891,116662,0.16681524403833295,0.022029452606675697
2018,1,Santa Fe,Santa Fe,78503,332319,1825437,0.2250540555494383,0.04300504481940489
2018,1,Santiago del Estero,Santiago del Estero,22816,131715,384767,0.4016222804970281,0.05929822463984697
2018,1,Tierra del Fuego,Tierra del Fuego,2926,14400,155872,0.11115530691849723,0.01877181276945186
2018,1,Tucumán,Tucumán,11357,172357,886156,0.20731564194114807,0.01281602787771002
2017,4,Buenos Aires,Buenos Aires,770508,3409542,14005263,0.29846279930623226,0.05501560377695156
2017,4,Catamarca,Catamarca,15132,48633,216282,0.294823424972952,0.06996421338807668
2017,4,Chaco,Chaco,39199,116932,385734,0.40476338616766994,0.10162184303172653
2017,4,Chubut,Chubut,3322,64935,361480,0.1888264910921766,0.009189996680314264
2017,4,Ciudad Autónoma de Buenos Aires,CABA,56776,181017,2935909,0.08099467660612096,0.019338474046709214
2017,4,Corrientes,Corrientes,14107,125887,371923,0.37640586895674644,0.0379298940909812
2017,4,Córdoba,Córdoba,91693,529898,1711677,0.3631473695095512,0.05356910211447604
2017,4,Entre Ríos,Entre Ríos,12744,62920,328712,0.2301832607267152,0.0387695003528925
2017,4,Formosa,Formosa,6745,61511,245690,0.27781350482315115,0.02745329480239326
2017,4,Jujuy,Jujuy,13133,72621,337959,0.25374083838572137,0.03885974334164795
2017,4,La Pampa,La Pampa,7672,27418,124351,0.2821851050655001,0.06169632733150517
2017,4,La Rioja,La Rioja,1107,42531,206674,0.21114412069249155,0.005356261552009444
2017,4,Mendoza,Mendoza,30773,223390,942884,0.2695591398305624,0.032637100640163584
2017,4,Misiones,Misiones,11888,95799,359586,0.2994749517500681,0.033060241499947164
2017,4,Neuquén,Neuquén,687,64127,297095,0.21815917467476734,0.0023123916592335783
2017,4,Río Negro,Río Negro,2523,22250,89580,0.2765461040410806,0.028164768921634293
2017,4,Salta,Salta,24352,127014,615859,0.24578028412347633,0.03954151843197875
2017,4,San Juan,San Juan,8501,99058,503336,0.21369224533909753,0.016889314493698047
2017,4,San Luis,San Luis,1658,44662,226338,0.20464968321713545,0.007325327607383647
2017,4,Santa Cruz,Santa Cruz,3934,15686,116075,0.16902864527245315,0.03389188024983847
2017,4,Santa Fe,Santa Fe,68310,306106,1822416,0.2054503472313676,0.03748320910264177
2017,4,Santiago del Estero,Santiago del Estero,13424,119335,384004,0.34572296121915397,0.03495796918782096
2017,4,Tierra del Fuego,Tierra del Fuego,3267,14816,154882,0.11675339936209501,0.021093477615216745
2017,4,Tucumán,Tucumán,34143,167055,884722,0.22741380908353132,0.03859178363372901
2017,3,Buenos Aires,Buenos Aires,804773,2944402,13962271,0.26852186152238416,0.057639119022972696
2017,3,Catamarca,Catamarca,11512,45971,215896,0.2662531959832512,0.053321969837329085
2017,3,Chaco,Chaco,28724,114549,385120,0.3720217075197341,0.07458454507685916
2017,3,Chubut,Chubut,7790,54184,360055,0.17212370332310342,0.021635583452528084
2017,3,Ciudad Autónoma de Buenos Aires,CABA,87259,203128,2932724,0.09901613653381634,0.029753566990961305
2017,3,Corrientes,Corrientes,39001,95011,371080,0.36114045488843377,0.1051013258596529
2017,3,Córdoba,Córdoba,94311,420879,1708800,0.3014922752808989,0.055191362359550564
2017,3,Entre Ríos,Entre Ríos,13718,69210,328452,0.2524813366945551,0.04176561567595874
2017,3,Formosa,Formosa,8405,44484,244929,0.21593604677273823,0.03431606710516109
2017,3,Jujuy,Jujuy,13855,69448,337042,0.24715910776698452,0.04110763643700192
2017,3,La Pampa,La Pampa,8049,26027,124018,0.2747665661436243,0.06490186908352014
2017,3,La Rioja,La Rioja,752,33154,205771,0.1647754056694092,0.0036545480169703215
2017,3,Mendoza,Mendoza,47806,194876,941348,0.25780264046877455,0.05078461950309556
2017,3,Misiones,Misiones,6716,90794,358514,0.2719837997958239,0.018732880724323178
2017,3,Neuquén,Neuquén,12038,45517,296069,0.1943972519919343,0.040659440873580144
2017,3,Río Negro,Río Negro,3639,22933,89296,0.2975721196918115,0.04075210535746282
2017,3,Salta,Salta,19825,132124,614057,0.24745096953540144,0.032285276448277604
2017,3,San Juan,San Juan,29159,131407,502435,0.3195756665041249,0.058035367759013606
2017,3,San Luis,San Luis,6555,56928,225479,0.2815472837825252,0.029071443460366598
2017,3,Santa Cruz,Santa Cruz,3320,20266,115551,0.20411766233091883,0.028731901930749194
2017,3,Santa Fe,Santa Fe,83425,340121,1819272,0.23281070670026252,0.045856254589747986
2017,3,Santiago del Estero,Santiago del Estero,35684,122684,383103,0.41338230188748193,0.0931446634456008
2017,3,Tierra del Fuego,Tierra del Fuego,2888,16475,154078,0.12567011513648932,0.01874375316398188
2017,3,Tucumán,Tucumán,22306,169143,883132,0.2167841274011133,0.025257832351222694
2017,2,Buenos Aires,Buenos Aires,1090272,3455584,13918165,0.32661317062989265,0.07833446434928742
2017,2,Catamarca,Catamarca,9695,56041,215022,0.3057175544827971,0.04508840955809173
2017,2,Chaco,Chaco,13887,117890,384484,0.342737279054525,0.03611853809261244
2017,2,Chubut,Chubut,12952,72016,358411,0.23706861675562413,0.03613728373292115
2017,2,Ciudad Autónoma de Buenos Aires,CABA,78325,338139,2929933,0.14214113428532324,0.026732693204929943
2017,2,Corrientes,Corrientes,30089,113720,370400,0.3882532397408207,0.08123380129589633
2017,2,Córdoba,Córdoba,108928,426254,1705987,0.3137081349388946,0.06385042793409329
2017,2,Entre Ríos,Entre Ríos,21109,80796,328264,0.3104361123973387,0.06430494967465211
2017,2,Formosa,Formosa,10671,53687,244401,0.2633295281115871,0.04366185081075773
2017,2,Jujuy,Jujuy,3278,79345,336051,0.24586446700054457,0.00975447179148403
2017,2,La Pampa,La Pampa,2601,34261,123717,0.2979542019285951,0.021023788161691603
2017,2,La Rioja,La Rioja,585,43338,205031,0.21422614141276197,0.002853227072979208
2017,2,Mendoza,Mendoza,46182,255403,939570,0.3209819385463563,0.04915227178390115
2017,2,Misiones,Misiones,11398,99380,357377,0.3099751802718138,0.03189349062754458
2017,2,Neuquén,Neuquén,11443,75727,295155,0.2953363486981417,0.0387694601141773
2017,2,Río Negro,Río Negro,5348,23873,89040,0.3281783468104223,0.06006289308176101
2017,2,Salta,Salta,33362,153944,611844,0.3061335896078085,0.054526970927229815
2017,2,San Juan,San Juan,17611,76609,501237,0.1879749499737649,0.035135075822415346
2017,2,San Luis,San Luis,3190,54373,224550,0.25634825205967493,0.014206190158093965
2017,2,Santa Cruz,Santa Cruz,893,11472,114985,0.10753576553463495,0.007766230377875375
2017,2,Santa Fe,Santa Fe,96345,408356,1815903,0.27793389845162436,0.05305624804849158
2017,2,Santiago del Estero,Santiago del Estero,53638,121652,382218,0.45861262420922094,0.1403335269401232
2017,2,Tierra del Fuego,Tierra del Fuego,3716,16287,152940,0.13078985222963255,0.02429710997776906
2017,2,Tucumán,Tucumán,32133,195398,881573,0.2580966068606911,0.036449619033250794
2017,1,Buenos Aires,Buenos Aires,1022807,3268988,13875873,0.3092990977937028,0.07371118199193664
2017,1,Catamarca,Catamarca,7612,55296,214524,0.29324457869515763,0.03548320933788294
2017,1,Chaco,Chaco,25766,109350,383978,0.3518847433967571,0.06710280276474173
2017,1,Chubut,Chubut,5892,58005,356685,0.1791412590941587,0.01651877707220657
2017,1,Ciudad Autónoma de Buenos Aires,CABA,74941,287252,2926900,0.1237462844647921,0.025604222897946633
2017,1,Corrientes,Corrientes,33632,112136,369681,0.39430752459552965,0.09097573313207874
2017,1,Córdoba,Córdoba,136602,363367,1703265,0.29353565064743303,0.08020008630483219
2017,1,Entre Ríos,Entre Ríos,17083,76978,327757,0.28698395457610365,0.05212093105562963
2017,1,Formosa,Formosa,9105,59010,243451,0.2797893621303671,0.037399723147573845
2017,1,Jujuy,Jujuy,8273,69193,335367,0.23098873771122383,0.024668497496772194
2017,1,La Pampa,La Pampa,7446,23471,123451,0.2504394456099991,0.06031542879361042
2017,1,La Rioja,La Rioja,4134,41633,203999,0.2243491389663675,0.02026480521963343
2017,1,Mendoza,Mendoza,38902,249532,937894,0.30753368717573626,0.041478034831228264
2017,1,Misiones,Misiones,17258,85075,356300,0.2872102161100196,0.048436710637103565
2017,1,Neuquén,Neuquén,9324,65967,294126,0.2559821301075049,0.031700699700128517
2017,1,Río Negro,Río Negro,6140,25147,88647,0.3529391857592474,0.06926348325380441
2017,1,Salta,Salta,31864,116388,610121,0.24298786634126673,0.052225706048472355
2017,1,San Juan,San Juan,21699,146102,500173,0.3354859218710326,0.04338298948563797
2017,1,San Luis,San Luis,5574,54526,223599,0.26878474411781805,0.02492855513665088
2017,1,Santa Cruz,Santa Cruz,1011,8641,114323,0.08442745554262922,0.008843364852216965
2017,1,Santa Fe,Santa Fe,120587,332997,1812878,0.2502010615165499,0.0665168864093447
2017,1,Santiago del Estero,Santiago del Estero,44997,123136,381322,0.44092132108821414,0.11800263294538474
2017,1,Tierra del Fuego,Tierra del Fuego,5554,8716,151966,0.09390258347261887,0.03654764881618257
2017,1,Tucumán,Tucumán,23271,176660,880196,0.22714372707896877,0.02643842962249317
